order id,order url,items,to,date,total,shipping,shipping_refund,gift,tax,refund,payments
112-7761305-5931405,https://www.amazon.com/gp/css/order-details?orderID=112-7761305-5931405&ref=ppx_yo2ov_dt_b_fed_order_details,"Tide Free & Gentle Liquid Laundry Detergent, 100 Loads, 132 fl oz, Tide Laundry Detergent, Clean Laundry Detergent (Packaging May Vary); ",Curtis,2025-09-06,16.28,0,,,1.03,,Mastercard ending in 5795: 2025-09-06: $16.28; 
112-7509746-7391437,https://www.amazon.com/gp/css/order-details?orderID=112-7509746-7391437&ref=ppx_yo2ov_dt_b_fed_order_details,"Custom 7x7ft Custom Backdrop Personalized Photo Backdrop with Picture Banner for Photography, Gift for Christmas, Birthday, Wedding, Graduation, Valentine's Day (84x84in); ",Curtis,2025-09-05,34.67,9.99,,,2.19,,Mastercard ending in 5795: 2025-09-05: $34.67; 
114-8729390-2673801,https://www.amazon.com/gp/css/order-details?orderID=114-8729390-2673801&ref=ppx_yo2ov_dt_b_fed_order_details,"Pure Life Purified Water Bottles, 24 Pack - Still Bottled Water with Added Minerals for a Crisp Taste, Plastic Bottles - 8 Fl Oz; ",Curtis,2025-09-05,8.48,0,,,0,,Mastercard ending in 5795: 2025-09-05: $8.48; 
112-9037870-2600249,https://www.amazon.com/gp/css/order-details?orderID=112-9037870-2600249&ref=ppx_yo2ov_dt_b_fed_order_details,"Pure Life Purified Water Bottles, 24 Pack - Still Bottled Water with Added Minerals for a Crisp Taste, Plastic Bottles - 8 Fl Oz; ",Curtis,2025-09-05,8.48,0,,,0,,Mastercard ending in 5795: 2025-09-05: $8.48; 
114-0240365-4705864,https://www.amazon.com/gp/css/order-details?orderID=114-0240365-4705864&ref=ppx_yo2ov_dt_b_fed_order_details,"Kaytee Wild Bird Ultimate No Mess Wild Bird Food Seed For Cardinals, Finches, Chickadees, Nuthatches, Woodpeckers, Grosbeaks, Juncos and Other Colorful Songbirds, 9.75 Pound; ",Curtis,2025-09-05,36.33,0,,,0,,Mastercard ending in 5795: 2025-09-05: $36.33; 
112-4462862-2325843,https://www.amazon.com/gp/css/order-details?orderID=112-4462862-2325843&ref=ppx_yo2ov_dt_b_fed_order_details,"12"" Selfie Ring Light with 63"" Tripod Stand/Phone Holder, QEUOOIY 20W LED Circle Lights Dimmable 3000-6500K with Remote Control and Built-in Rechargeable Battery for Vlog, Makeup, YouTube, Camera; ",Curtis,2025-09-05,44.31,0,,,2.80,,Mastercard ending in 5795: 2025-09-05: $44.31; 
112-5752381-6985819,https://www.amazon.com/gp/css/order-details?orderID=112-5752381-6985819&ref=ppx_yo2ov_dt_b_fed_order_details,"Downy Free & Gentle Fabric Softener (Fabric Conditioner), 111 fl oz, 150 Loads, Hypoallergenic; ",Curtis,2025-09-05,9.93,0,,,0.63,,Mastercard ending in 5795: 2025-09-05: $9.93; 
114-9610229-0400227,https://www.amazon.com/gp/css/order-details?orderID=114-9610229-0400227&ref=ppx_yo2ov_dt_b_fed_order_details,"Ortho Orthene Fire Ant Killer1, Kills the Queen and Destroys Mounds, Begins Working in 60 minutes, 12 oz., 2-Pack; ",Curtis,2025-09-05,25.90,0,,,1.64,,Mastercard ending in 5795: 2025-09-05: $25.90; 
111-4345368-6928225,https://www.amazon.com/gp/css/order-details?orderID=111-4345368-6928225&ref=ppx_yo2ov_dt_b_fed_order_details,"Honest Kids Organic Juice Drink, Berry Berry Good Lemonade, 6.75 Fl Oz Pouches (Pack of 32); ",Curtis,2025-09-05,16.87,0,,,1.07,,Mastercard ending in 5795: 2025-09-05: $16.87; 
111-9028664-4614667,https://www.amazon.com/gp/css/order-details?orderID=111-9028664-4614667&ref=ppx_yo2ov_dt_b_fed_order_details,"Roebic K-37-Q Septic Tank Treatment: Removes Clogs, Environmentally Friendly Bacteria Enzymes, Safe for Toilets, 32 Fl Oz - Lasts 1 Year, 32 Ounces; ",Curtis,2025-09-05,8.08,0,,,0.51,,Mastercard ending in 5795: 2025-09-05: $8.08; 
113-5230414-8722602,https://www.amazon.com/gp/css/order-details?orderID=113-5230414-8722602&ref=ppx_yo2ov_dt_b_fed_order_details,"OFF! Family Care Mosquito, Tick, and Insect Repellent, Bug Spray Containing 15% DEET, Protects Against Mosquitoes, 4 Oz, 2 Count; ",Curtis,2025-09-05,20.77,0,,,1.32,,Mastercard ending in 5795: 2025-09-05: $20.77; 
114-9639946-0837819,https://www.amazon.com/gp/css/order-details?orderID=114-9639946-0837819&ref=ppx_yo2ov_dt_b_fed_order_details,"4th & Heart Original Grass-Fed Ghee, Clarified Butter, Keto, Pasture Raised, Lactose and Casein Free, Certified Paleo (32 Ounces); ",Curtis,2025-09-05,27.62,0,,,0,,Mastercard ending in 5795: 2025-09-05: $27.62; 
114-7954865-7877829,https://www.amazon.com/gp/css/order-details?orderID=114-7954865-7877829&ref=ppx_yo2ov_dt_b_fed_order_details,"Nate's Organic 100% Pure, Raw & Unfiltered Honey - USDA Certified Organic - 16oz. Squeeze Bottle; ",Curtis,2025-09-05,8.06,0,,,0,,Mastercard ending in 5795: 2025-09-05: $8.06; 
111-2916277-6905061,https://www.amazon.com/gp/css/order-details?orderID=111-2916277-6905061&ref=ppx_yo2ov_dt_b_fed_order_details,"OxiClean White Revive Laundry Whitener and Stain Remover Liquid, 50 fl oz; ",Curtis,2025-09-05,9.52,0,,,0.60,,Mastercard ending in 5795: 2025-09-05: $9.52; 
113-7152385-4694651,https://www.amazon.com/gp/css/order-details?orderID=113-7152385-4694651&ref=ppx_yo2ov_dt_b_fed_order_details,"WD-40 Specialist Corrosion Inhibitor, Long-Lasting Anti-Rust Spray, 6.5 OZ; ",Curtis,2025-09-04,15.20,0,,,0.96,,Mastercard ending in 5795: 2025-09-04: $15.20; 
111-8215099-9821003,https://www.amazon.com/gp/css/order-details?orderID=111-8215099-9821003&ref=ppx_yo2ov_dt_b_fed_order_details,"Downy Fabric Softener Liquid, Cool Cotton Scent, 111 fl oz, 150 Loads; ",Curtis,2025-09-04,10.43,0,,,0.66,,Mastercard ending in 5795: 2025-09-04: $10.43; 
111-3391460-4252267,https://www.amazon.com/gp/css/order-details?orderID=111-3391460-4252267&ref=ppx_yo2ov_dt_b_fed_order_details,"Sweet'N Low Zero Calorie Sweetener Packets, 100 Ct, Kosher & Gluten Free, Low Glycemic Index, Individual Tea and Coffee Sweetener Packets; ",Curtis,2025-09-04,2.54,0,,,0,,Mastercard ending in 5795: 2025-09-04: $2.54; 
112-8795148-5489841,https://www.amazon.com/gp/css/order-details?orderID=112-8795148-5489841&ref=ppx_yo2ov_dt_b_fed_order_details,"NEWLAKE Quilted Cotton Bed Pillowcases, Striped Jacquard Style, 2 Pieces, 20x27 Inch; ",Curtis,2025-09-04,16.00,0,,,1.01,,Mastercard ending in 5795: 2025-09-04: $16.00; 
112-2570723-3416266,https://www.amazon.com/gp/css/order-details?orderID=112-2570723-3416266&ref=ppx_yo2ov_dt_b_fed_order_details,"Veterinary Formula Clinical Care Antiseptic and Antifungal Medicated Spray for Dogs & Cats, 8 Fl Oz (1 Pack); Veterinary Formula Clinical Care Antiseptic and Antifungal Medicated Shampoo for Dogs & Cats, 16 Fl Oz – Helps Alleviate Scaly, Greasy, red Skin – Paraben, Dye, Soap-Free (1 Pack); ",Curtis,2025-09-04,19.16,0,,,1.22,,Mastercard ending in 5795: 2025-09-04: $19.16; 
