DigitalOrderItemId,DeliveryPacketId,AffectedItemQuantity,TransactionAmount,BaseCurrencyCode,ClaimCode,FXTransactionAmount,FXCurrencyCode,MonetaryComponentTypeCode,OfferTypeCode
P6D587V944L2DMSDHAVIL1L9003NT4FJNBUB3EFDE1HIPRJFACNG,46V55CMPNFBT5KBE9FR3U4UQF0G8P6UQHJF419S47HQ4L3CVA6K0,1,1.86,USD,Not Applicable,Not Applicable,Not Applicable,Tax,Not Applicable
P6D587V944L2DMSDHAVIL1L9003NT4FJNBUB3EFDE1HIPRJFACNG,46V55CMPNFBT5KBE9FR3U4UQF0G8P6UQHJF419S47HQ4L3CVA6K0,1,-4.5,USD,T0AWKI61YO7WPZAR,Not Applicable,Not Applicable,Price Amount,Coupon
P6D587V944L2DMSDHAVIL1L9003NT4FJNBUB3EFDE1HIPRJFACNG,46V55CMPNFBT5KBE9FR3U4UQF0G8P6UQHJF419S47HQ4L3CVA6K0,1,0.0,USD,T0AWKI61YO7WPZAR,Not Applicable,Not Applicable,Tax,Coupon
P6D587V944L2DMSDHAVIL1L9003NT4FJNBUB3EFDE1HIPRJFACNG,46V55CMPNFBT5KBE9FR3U4UQF0G8P6UQHJF419S47HQ4L3CVA6K0,1,29.99,USD,Not Applicable,Not Applicable,Not Applicable,Price Amount,Not Applicable
P6D587V944L2DMSDHAVIL1L9003NT4FJNBUB3EFDE1HIPRJFACNG,46V55CMPNFBT5KBE9FR3U4UQF0G8P6UQHJF419S47HQ4L3CVA6K0,1,-3.0,USD,T0O0ASGBKBPBQDAK,Not Applicable,Not Applicable,Price Amount,Coupon
P6D587V944L2DMSDHAVIL1L9003NT4FJNBUB3EFDE1HIPRJFACNG,46V55CMPNFBT5KBE9FR3U4UQF0G8P6UQHJF419S47HQ4L3CVA6K0,1,0.0,USD,T0O0ASGBKBPBQDAK,Not Applicable,Not Applicable,Tax,Coupon
7DSB092I7ONDBFUHNAU8QSVD8LIHI1PIVCFN767DMES02PAMLTEG,3VGGVDN3RG0FMS0NU4K4NQF56EPTKAOFSTQ3MVVQ7OV181232PV0,1,-1.5,USD,T0WGTPQ1HEC8CIAZ,Not Applicable,Not Applicable,Price Amount,Coupon
7DSB092I7ONDBFUHNAU8QSVD8LIHI1PIVCFN767DMES02PAMLTEG,3VGGVDN3RG0FMS0NU4K4NQF56EPTKAOFSTQ3MVVQ7OV181232PV0,1,5.99,USD,Not Applicable,Not Applicable,Not Applicable,Price Amount,Not Applicable
7DSB092I7ONDBFUHNAU8QSVD8LIHI1PIVCFN767DMES02PAMLTEG,3VGGVDN3RG0FMS0NU4K4NQF56EPTKAOFSTQ3MVVQ7OV181232PV0,1,0.0,USD,T0WGTPQ1HEC8CIAZ,Not Applicable,Not Applicable,Tax,Coupon
7DSB092I7ONDBFUHNAU8QSVD8LIHI1PIVCFN767DMES02PAMLTEG,3VGGVDN3RG0FMS0NU4K4NQF56EPTKAOFSTQ3MVVQ7OV181232PV0,1,0.0,USD,Not Applicable,Not Applicable,Not Applicable,Tax,Not Applicable
7DSB092I7ONDBFUHNAU8QSVD8LIHI1PIVCFN767DMES02PAMLTEG,3VGGVDN3RG0FMS0NU4K4NQF56EPTKAOFSTQ3MVVQ7OV181232PV0,1,0.0,USD,T033XOA6HZ6EKYA8,Not Applicable,Not Applicable,Tax,Coupon
7DSB092I7ONDBFUHNAU8QSVD8LIHI1PIVCFN767DMES02PAMLTEG,3VGGVDN3RG0FMS0NU4K4NQF56EPTKAOFSTQ3MVVQ7OV181232PV0,1,-3.0,USD,T0CWXRQT86I2FAA7,Not Applicable,Not Applicable,Price Amount,Coupon
7DSB092I7ONDBFUHNAU8QSVD8LIHI1PIVCFN767DMES02PAMLTEG,3VGGVDN3RG0FMS0NU4K4NQF56EPTKAOFSTQ3MVVQ7OV181232PV0,1,-1.49,USD,T033XOA6HZ6EKYA8,Not Applicable,Not Applicable,Price Amount,Coupon
7DSB092I7ONDBFUHNAU8QSVD8LIHI1PIVCFN767DMES02PAMLTEG,3VGGVDN3RG0FMS0NU4K4NQF56EPTKAOFSTQ3MVVQ7OV181232PV0,1,0.0,USD,T0CWXRQT86I2FAA7,Not Applicable,Not Applicable,Tax,Coupon
R8TEIFP9AR0CJ7PSQH83HFHTB8748OHPGESITTS7R6RM4U30DRS0,2U7N31OK2HS3S66LHHIQ1651JUS4G4OR59SUA476RAAI0SODPKEG,1,0.0,USD,Not Applicable,Not Applicable,Not Applicable,Price Amount,Not Applicable
R8TEIFP9AR0CJ7PSQH83HFHTB8748OHPGESITTS7R6RM4U30DRS0,2U7N31OK2HS3S66LHHIQ1651JUS4G4OR59SUA476RAAI0SODPKEG,1,0.0,USD,Not Applicable,Not Applicable,Not Applicable,Tax,Not Applicable
NABDGMESBJHKCVG9GIDBE84K2EEK7CG86M2UDLVBBOMVRPI2EHGG,FCIPI77I7TH13B5SHI67O5UDQVEFQ6GE6ECICCTJ1FO63DT0IBRG,1,7.99,USD,Not Applicable,Not Applicable,Not Applicable,Price Amount,Not Applicable
NABDGMESBJHKCVG9GIDBE84K2EEK7CG86M2UDLVBBOMVRPI2EHGG,FCIPI77I7TH13B5SHI67O5UDQVEFQ6GE6ECICCTJ1FO63DT0IBRG,1,0.0,USD,T0NGIDHWRFMQNZAA,Not Applicable,Not Applicable,Tax,Coupon
NABDGMESBJHKCVG9GIDBE84K2EEK7CG86M2UDLVBBOMVRPI2EHGG,FCIPI77I7TH13B5SHI67O5UDQVEFQ6GE6ECICCTJ1FO63DT0IBRG,1,0.49,USD,Not Applicable,Not Applicable,Not Applicable,Tax,Not Applicable
NABDGMESBJHKCVG9GIDBE84K2EEK7CG86M2UDLVBBOMVRPI2EHGG,FCIPI77I7TH13B5SHI67O5UDQVEFQ6GE6ECICCTJ1FO63DT0IBRG,1,-2.0,USD,T0NGIDHWRFMQNZAA,Not Applicable,Not Applicable,Price Amount,Coupon
9OQROREJDM1CAOTIJG9KQ7R2KJ45FFEHPL75LEKKTR588HR0VVUG,PMJS4CMVIE0M5DR1D0PT47EKR5F37BCBFSDV7EKEK630JD2K7PUG,1,0.0,USD,Not Applicable,Not Applicable,Not Applicable,Tax,Not Applicable
9OQROREJDM1CAOTIJG9KQ7R2KJ45FFEHPL75LEKKTR588HR0VVUG,PMJS4CMVIE0M5DR1D0PT47EKR5F37BCBFSDV7EKEK630JD2K7PUG,1,17.49,USD,Not Applicable,Not Applicable,Not Applicable,Price Amount,Not Applicable
9OQROREJDM1CAOTIJG9KQ7R2KJ45FFEHPL75LEKKTR588HR0VVUG,PMJS4CMVIE0M5DR1D0PT47EKR5F37BCBFSDV7EKEK630JD2K7PUG,1,0.0,USD,Not Applicable,Not Applicable,Not Applicable,Tax,Promotion
9OQROREJDM1CAOTIJG9KQ7R2KJ45FFEHPL75LEKKTR588HR0VVUG,PMJS4CMVIE0M5DR1D0PT47EKR5F37BCBFSDV7EKEK630JD2K7PUG,1,-17.49,USD,Not Applicable,Not Applicable,Not Applicable,Price Amount,Promotion
QIV1B8E3B8TUOCNUGEVEPAO8B4QE6B1UQU84IVU05OK32V6SQAHG,HBOA3TASNG6O9DPG7QG067LNVI08GT45IMJ6B44CUGB51TM5B90G,1,0.0,USD,Not Applicable,Not Applicable,Not Applicable,Tax,Not Applicable
QIV1B8E3B8TUOCNUGEVEPAO8B4QE6B1UQU84IVU05OK32V6SQAHG,HBOA3TASNG6O9DPG7QG067LNVI08GT45IMJ6B44CUGB51TM5B90G,1,0.0,USD,Not Applicable,Not Applicable,Not Applicable,Tax,Promotion
QIV1B8E3B8TUOCNUGEVEPAO8B4QE6B1UQU84IVU05OK32V6SQAHG,HBOA3TASNG6O9DPG7QG067LNVI08GT45IMJ6B44CUGB51TM5B90G,1,19.95,USD,Not Applicable,Not Applicable,Not Applicable,Price Amount,Not Applicable
QIV1B8E3B8TUOCNUGEVEPAO8B4QE6B1UQU84IVU05OK32V6SQAHG,HBOA3TASNG6O9DPG7QG067LNVI08GT45IMJ6B44CUGB51TM5B90G,1,-19.95,USD,Not Applicable,Not Applicable,Not Applicable,Price Amount,Promotion
PEHM7648STCR5FAGQHE2JSTDSDQ49FNF1NH2JRNHN5UV42L4J1BG,ECPI8MR0RKGHONHJSB3IEDSJM5SOFPCICP5LC708M5S3L8TT3LHG,1,-23.95,USD,Not Applicable,Not Applicable,Not Applicable,Price Amount,Promotion
PEHM7648STCR5FAGQHE2JSTDSDQ49FNF1NH2JRNHN5UV42L4J1BG,ECPI8MR0RKGHONHJSB3IEDSJM5SOFPCICP5LC708M5S3L8TT3LHG,1,0.0,USD,Not Applicable,Not Applicable,Not Applicable,Tax,Not Applicable
PEHM7648STCR5FAGQHE2JSTDSDQ49FNF1NH2JRNHN5UV42L4J1BG,ECPI8MR0RKGHONHJSB3IEDSJM5SOFPCICP5LC708M5S3L8TT3LHG,1,23.95,USD,Not Applicable,Not Applicable,Not Applicable,Price Amount,Not Applicable
PEHM7648STCR5FAGQHE2JSTDSDQ49FNF1NH2JRNHN5UV42L4J1BG,ECPI8MR0RKGHONHJSB3IEDSJM5SOFPCICP5LC708M5S3L8TT3LHG,1,0.0,USD,Not Applicable,Not Applicable,Not Applicable,Tax,Promotion
9QFGHFH3ABOIIUQ9CKPNQC4IJB2VOLS13H2TL38B60AVGN7LA58G,ESS5T252ECC33M4IRO2KF8AR03LP184S4DMPRCLV1SKII74FN730,1,14.99,USD,Not Applicable,Not Applicable,Not Applicable,Price Amount,Not Applicable
9QFGHFH3ABOIIUQ9CKPNQC4IJB2VOLS13H2TL38B60AVGN7LA58G,ESS5T252ECC33M4IRO2KF8AR03LP184S4DMPRCLV1SKII74FN730,1,1.24,USD,Not Applicable,Not Applicable,Not Applicable,Tax,Not Applicable
3SFGI8J5Q7E91ILDVV88N5LR411C9LF249GQ6MD8382JFT6T8B90,1PH100CRMTALEC4SIVOSMMS7AI176G9G857CNT87Q6VAJRHSJ58G,1,12.99,USD,Not Applicable,Not Applicable,Not Applicable,Price Amount,Not Applicable
3SFGI8J5Q7E91ILDVV88N5LR411C9LF249GQ6MD8382JFT6T8B90,1PH100CRMTALEC4SIVOSMMS7AI176G9G857CNT87Q6VAJRHSJ58G,1,1.07,USD,Not Applicable,Not Applicable,Not Applicable,Tax,Not Applicable
6I3BCFIR763UM0CNNIK6P7SVBVTRR9NIGFCL454UUIFKOK9FHVT0,9DO8O0KLM7E32U4RJT7V51VUJ5CBDGI1CG3GEHQ82AM6IVMHS440,1,1.07,USD,Not Applicable,Not Applicable,Not Applicable,Tax,Not Applicable
6I3BCFIR763UM0CNNIK6P7SVBVTRR9NIGFCL454UUIFKOK9FHVT0,9DO8O0KLM7E32U4RJT7V51VUJ5CBDGI1CG3GEHQ82AM6IVMHS440,1,12.99,USD,Not Applicable,Not Applicable,Not Applicable,Price Amount,Not Applicable
SLG75755E21UDFGGA8LNO0URPUGE9427B0BKJ1SC6KVQPAOQCJA0,AP1F8F3QN208I46DRC0HO588SAVDD2J2GOA76CK2S8MM0QVMB3DG,1,12.99,USD,Not Applicable,Not Applicable,Not Applicable,Price Amount,Not Applicable
SLG75755E21UDFGGA8LNO0URPUGE9427B0BKJ1SC6KVQPAOQCJA0,AP1F8F3QN208I46DRC0HO588SAVDD2J2GOA76CK2S8MM0QVMB3DG,1,1.07,USD,Not Applicable,Not Applicable,Not Applicable,Tax,Not Applicable
62KA8QUABIQ17E09SASOQ196V6ETTQCO9CSUIB0LJPQ16QPI4VHG,OK3QELGLTRBHDL4P21FB3100JN8CHMHGQ81ODR4N2HIN08J55HQG,1,0.0,USD,Not Applicable,Not Applicable,Not Applicable,Price Amount,Not Applicable
62KA8QUABIQ17E09SASOQ196V6ETTQCO9CSUIB0LJPQ16QPI4VHG,OK3QELGLTRBHDL4P21FB3100JN8CHMHGQ81ODR4N2HIN08J55HQG,1,0.0,USD,Not Applicable,Not Applicable,Not Applicable,Tax,Not Applicable
9AC8E726L162KROHA6F4B30SS8AUPBGBTGVL1RFKQ17COR1A1Q3G,DC86CR2BPQN8OKM6NKB08ICST9TP3HGR3TSNCP65UQHQ0A8VDER0,1,8.53,USD,Not Applicable,Not Applicable,Not Applicable,Tax,Not Applicable
9AC8E726L162KROHA6F4B30SS8AUPBGBTGVL1RFKQ17COR1A1Q3G,DC86CR2BPQN8OKM6NKB08ICST9TP3HGR3TSNCP65UQHQ0A8VDER0,1,103.41,USD,Not Applicable,Not Applicable,Not Applicable,Price Amount,Not Applicable
HP2A6MA1VFO19OT8LJ0O6JH6J8CRVUG35B324IC4BMII445S9780,KBL3USR3JEVV7BCD97JCP0NPH71Q7U15JJERNBCF0O471B33ACF0,1,97.99,USD,Not Applicable,Not Applicable,Not Applicable,Price Amount,Not Applicable
HP2A6MA1VFO19OT8LJ0O6JH6J8CRVUG35B324IC4BMII445S9780,KBL3USR3JEVV7BCD97JCP0NPH71Q7U15JJERNBCF0O471B33ACF0,1,8.08,USD,Not Applicable,Not Applicable,Not Applicable,Tax,Not Applicable
OSBHRM1K8JQ70372C7PUQ9I1HQ7FCMA4O5NKDTQ018HVIVRTVPQG,QFSFPEMG6LHSOSL0U29F6VMJL1N066MPS3FUTV1UI2K6QBCVPL5G,1,1.9,USD,Not Applicable,Not Applicable,Not Applicable,Tax,Not Applicable
OSBHRM1K8JQ70372C7PUQ9I1HQ7FCMA4O5NKDTQ018HVIVRTVPQG,QFSFPEMG6LHSOSL0U29F6VMJL1N066MPS3FUTV1UI2K6QBCVPL5G,1,22.99,USD,Not Applicable,Not Applicable,Not Applicable,Price Amount,Not Applicable
TDPNQ542FKJFK745QFDM689CI19B6RJL8F9TNT8F49IDOUEUQ60G,QS53QNLSHLD6NSFQ9MQ1K2INODIB9ER4PNU4PJO3RM1Q30E6GEN0,1,83.31,USD,Not Applicable,Not Applicable,Not Applicable,Price Amount,Not Applicable
TDPNQ542FKJFK745QFDM689CI19B6RJL8F9TNT8F49IDOUEUQ60G,QS53QNLSHLD6NSFQ9MQ1K2INODIB9ER4PNU4PJO3RM1Q30E6GEN0,1,6.87,USD,Not Applicable,Not Applicable,Not Applicable,Tax,Not Applicable
L1LIRF6JKTND6FJDCFFI5SSTAHMK0FBOA6ORERDMDUS5H1GRF1CG,4GDSDG8KKEF3HA0K1NVG16P6A1K7RBLDSJME9HGGM7J278TNCMQ0,1,9.99,USD,Not Applicable,Not Applicable,Not Applicable,Price Amount,Not Applicable
L1LIRF6JKTND6FJDCFFI5SSTAHMK0FBOA6ORERDMDUS5H1GRF1CG,4GDSDG8KKEF3HA0K1NVG16P6A1K7RBLDSJME9HGGM7J278TNCMQ0,1,0.82,USD,Not Applicable,Not Applicable,Not Applicable,Tax,Not Applicable
GG153NMBNHRG8ROKIOHA4U6JRCNU9RBUOCMVNNTJG4U6LBH6J860,GCEI6L45C7C3EA7QT01TKRB923MIDE66U9G3UDUJOGKDA4BGG6P0,1,2.99,USD,Not Applicable,Not Applicable,Not Applicable,Price Amount,Not Applicable
GG153NMBNHRG8ROKIOHA4U6JRCNU9RBUOCMVNNTJG4U6LBH6J860,GCEI6L45C7C3EA7QT01TKRB923MIDE66U9G3UDUJOGKDA4BGG6P0,1,0.25,USD,Not Applicable,Not Applicable,Not Applicable,Tax,Not Applicable
IOAGPNM92LQQQRC8OS64CCIVLIIC8TTK33NS6CT5E6891226MJK0,7P4L43OE55E7JRPHSMNN9H3NO6JISRGVA7RBRCET7QUM8KKPDFU0,1,4.23,USD,Not Applicable,Not Applicable,Not Applicable,Tax,Not Applicable
IOAGPNM92LQQQRC8OS64CCIVLIIC8TTK33NS6CT5E6891226MJK0,7P4L43OE55E7JRPHSMNN9H3NO6JISRGVA7RBRCET7QUM8KKPDFU0,1,51.29,USD,Not Applicable,Not Applicable,Not Applicable,Price Amount,Not Applicable
C0NFK690UI5IKQDIGG7G49LDU0SUC0D16UIK4QK66U00QRNSIOVG,UTS5UJCVF2CR267Q8G8UT408L8V0N4NJVOCK3U14VA27IDQ4HU3G,1,1.13,USD,Not Applicable,Not Applicable,Not Applicable,Tax,Not Applicable
C0NFK690UI5IKQDIGG7G49LDU0SUC0D16UIK4QK66U00QRNSIOVG,UTS5UJCVF2CR267Q8G8UT408L8V0N4NJVOCK3U14VA27IDQ4HU3G,1,13.72,USD,Not Applicable,Not Applicable,Not Applicable,Price Amount,Not Applicable
LCKNBGEV82N47KQ9JIISN7FN5QI995A1JCMUCE15K8KN4EQ77UF0,7SNLRMOFN7964NC11J0EFQ8RV1B96IG2E8GA6AASLVIQBHTCPRS0,1,9.4,USD,Not Applicable,Not Applicable,Not Applicable,Tax,Not Applicable
LCKNBGEV82N47KQ9JIISN7FN5QI995A1JCMUCE15K8KN4EQ77UF0,7SNLRMOFN7964NC11J0EFQ8RV1B96IG2E8GA6AASLVIQBHTCPRS0,1,113.98,USD,Not Applicable,Not Applicable,Not Applicable,Price Amount,Not Applicable
AJRQ5S1E5ALOB5G7P5JURP7QLTVFNN5SST5FLGPL072A029CTTAG,6N15HK67093PM7TBE815TC05T9DUFN5JPIC023NNICEPH16FM820,1,3.23,USD,Not Applicable,Not Applicable,Not Applicable,Tax,Not Applicable
AJRQ5S1E5ALOB5G7P5JURP7QLTVFNN5SST5FLGPL072A029CTTAG,6N15HK67093PM7TBE815TC05T9DUFN5JPIC023NNICEPH16FM820,1,39.19,USD,Not Applicable,Not Applicable,Not Applicable,Price Amount,Not Applicable
Q7MK5RQEMGTPIS7OHEIKVLUN2TTJHASHP0FHLPVAOC8GB7HOOA20,6E1DJE70FDFFR3STJMC9JKAFE94KE7BGJSCUGHHA31C4OR3548Q0,1,7.09,USD,Not Applicable,Not Applicable,Not Applicable,Tax,Not Applicable
Q7MK5RQEMGTPIS7OHEIKVLUN2TTJHASHP0FHLPVAOC8GB7HOOA20,6E1DJE70FDFFR3STJMC9JKAFE94KE7BGJSCUGHHA31C4OR3548Q0,1,85.94,USD,Not Applicable,Not Applicable,Not Applicable,Price Amount,Not Applicable
AN4TBR4H7T0RCOODJJT3UFQ76KR6CTAD4B545N8TRQAAHAL43FKG,77VUUT0CS0ODPBNR6K11211CAHFKCV52IOE4BRN5M5ABFGLUGMU0,1,105.76,USD,Not Applicable,Not Applicable,Not Applicable,Price Amount,Not Applicable
AN4TBR4H7T0RCOODJJT3UFQ76KR6CTAD4B545N8TRQAAHAL43FKG,77VUUT0CS0ODPBNR6K11211CAHFKCV52IOE4BRN5M5ABFGLUGMU0,1,8.73,USD,Not Applicable,Not Applicable,Not Applicable,Tax,Not Applicable
GO8GHDPE4P0FGBNFNDQBHFE4TQC9B0G5EN5NG1J2VNBCRCD9BJB0,ERBK2NMJ5T9V87B00AVFBJET034ECHUGT9MDNIG9I3462DDPC620,1,17.69,USD,Not Applicable,Not Applicable,Not Applicable,Price Amount,Not Applicable
4LF3B714MBIT5SIF92NBEHSQ8SJVLG0IGBTMJUOVQMG9447JDV40,PPCSHC9SLNSOSTAT43EIC8O0GT1H2G679OR2SL805434AGOG0KNG,1,7.59,USD,Not Applicable,Not Applicable,Not Applicable,Price Amount,Not Applicable
15DH4BAKS09IA1DLDVD99KRFUK0R8T2MLTGLI66G4SBCKAQ4BV40,PQ8F5LTATR2AFJ5SGI0HQV8R69R63RP7128CU9BG2B9GIQNJ0FCG,1,18.99,USD,Not Applicable,Not Applicable,Not Applicable,Price Amount,Not Applicable
CQIMGM2LQF3CP649MV61D9CBH314PM1IGOQG69LSAROPFO7C6E2G,S0FPUITOD2GDPUJ9KK8OMAP635G6VID1SGVNE2EFUAL112IPGAFG,1,134.58,USD,Not Applicable,Not Applicable,Not Applicable,Price Amount,Not Applicable
QAFRUBJIPG2GIHL3IUMRU61Q7I7UH5RDNLFVB6UAUOPIVPTM2PK0,28UUC2O65NHA9ASM1N9S8377U52ESCUE03A4MVN8TJFF2RGB1V90,1,56.85,USD,Not Applicable,Not Applicable,Not Applicable,Price Amount,Not Applicable
5F8AM0BTGAN35BK249D5ODUMRJ6N515I6VRDOES6NP669UFJ7MGG,DBKCGIO7OFDC5CTKB0029L5N60JEVC77I2VAQ5CE9T4FSUBIVFBG,1,18.12,USD,Not Applicable,Not Applicable,Not Applicable,Price Amount,Not Applicable
JHLGP8BDVC5QJJ4EV3NLK9K8G2JIAUIGE37U557HE58577K7AKIG,301CMC2201D24KMMVTHG2VU52F09JKQ74TB5DJK50C923CGJIHBG,1,0.0,USD,Not Applicable,Not Applicable,Not Applicable,Price Amount,Not Applicable
JHLGP8BDVC5QJJ4EV3NLK9K8G2JIAUIGE37U557HE58577K7AKIG,301CMC2201D24KMMVTHG2VU52F09JKQ74TB5DJK50C923CGJIHBG,1,0.0,USD,Not Applicable,Not Applicable,Not Applicable,Tax,Not Applicable
IT1AAVAKFDVAILS22A0593ENSQ64TPKPNO4SBF5PTQU4GFK3H3NG,JN3D7GQM6833USJR9OO0R1LARGPKTCRE98QG4GM8BIVHI34LF9V0,1,1.23,USD,Not Applicable,Not Applicable,Not Applicable,Tax,Not Applicable
IT1AAVAKFDVAILS22A0593ENSQ64TPKPNO4SBF5PTQU4GFK3H3NG,JN3D7GQM6833USJR9OO0R1LARGPKTCRE98QG4GM8BIVHI34LF9V0,1,14.95,USD,Not Applicable,Not Applicable,Not Applicable,Price Amount,Not Applicable
L3FIHU5GFHS4OG5S3CR9Q72AIK0QVJB01PH176U4RF576J6ERAUG,RBIDBGK07GI11FNNOM42COG5B8KCOUD8HFD6R24P15SHEF90LPA0,1,1.23,USD,Not Applicable,Not Applicable,Not Applicable,Tax,Not Applicable
L3FIHU5GFHS4OG5S3CR9Q72AIK0QVJB01PH176U4RF576J6ERAUG,RBIDBGK07GI11FNNOM42COG5B8KCOUD8HFD6R24P15SHEF90LPA0,1,14.95,USD,Not Applicable,Not Applicable,Not Applicable,Price Amount,Not Applicable
VACRQMDFDJ1D1DK9QRKVK120N3L4BCU5REHIDTF0H4DNS3BL33H0,IDJ2AIUE60GOEB7HSTKQ184TMBM1TRR0278JMPQ9M4LIMEM3BM2G,1,1.23,USD,Not Applicable,Not Applicable,Not Applicable,Tax,Not Applicable
VACRQMDFDJ1D1DK9QRKVK120N3L4BCU5REHIDTF0H4DNS3BL33H0,IDJ2AIUE60GOEB7HSTKQ184TMBM1TRR0278JMPQ9M4LIMEM3BM2G,1,14.95,USD,Not Applicable,Not Applicable,Not Applicable,Price Amount,Not Applicable
CHE6Q1D6BFH6HT11OL208QINN4SVEBSG4FDNIV80Q3R1EBTLQRIG,SC8KL372A9B2TI6VT4ESP7MK21A1DKRKRDU2MP8JA6VE14STO160,1,1.23,USD,Not Applicable,Not Applicable,Not Applicable,Tax,Not Applicable
CHE6Q1D6BFH6HT11OL208QINN4SVEBSG4FDNIV80Q3R1EBTLQRIG,SC8KL372A9B2TI6VT4ESP7MK21A1DKRKRDU2MP8JA6VE14STO160,1,14.95,USD,Not Applicable,Not Applicable,Not Applicable,Price Amount,Not Applicable
KF33KI1IS55MI5CMSAKPNU402LUM3G128293F3AT1G0DJVEGQ360,F9I2I1FESMURA7KIDI0NRQA5G98EORP44PJQ66IEGG05SSJPVK70,1,14.95,USD,Not Applicable,Not Applicable,Not Applicable,Price Amount,Not Applicable
KF33KI1IS55MI5CMSAKPNU402LUM3G128293F3AT1G0DJVEGQ360,F9I2I1FESMURA7KIDI0NRQA5G98EORP44PJQ66IEGG05SSJPVK70,1,1.23,USD,Not Applicable,Not Applicable,Not Applicable,Tax,Not Applicable
C6GM8CLBL0F7F98TVHJBN0FIRHO0VICVPOGK4KC5FQJBE7MKP6F0,8MQN42BL9E4N7FE1SQB48CN3OTTFIKUBA65Q01A3FJTV1M3CE1FG,1,14.95,USD,Not Applicable,Not Applicable,Not Applicable,Price Amount,Not Applicable
C6GM8CLBL0F7F98TVHJBN0FIRHO0VICVPOGK4KC5FQJBE7MKP6F0,8MQN42BL9E4N7FE1SQB48CN3OTTFIKUBA65Q01A3FJTV1M3CE1FG,1,1.23,USD,Not Applicable,Not Applicable,Not Applicable,Tax,Not Applicable
CDPGIRJ3DBA1E5UR8PE5PEBD13RVJNBQCCU5FM30MTDFG1K49TC0,DD7894B6N4BEF6SCOVSSQUD8T6KIN67ONQDIGKRUSPSQ6KOO0SKG,1,1.23,USD,Not Applicable,Not Applicable,Not Applicable,Tax,Not Applicable
CDPGIRJ3DBA1E5UR8PE5PEBD13RVJNBQCCU5FM30MTDFG1K49TC0,DD7894B6N4BEF6SCOVSSQUD8T6KIN67ONQDIGKRUSPSQ6KOO0SKG,1,14.95,USD,Not Applicable,Not Applicable,Not Applicable,Price Amount,Not Applicable
UR1SC8OJ7VCL80H0B90I2F98BQNAJ10LP7OS8KLB6RMR13ILOFB0,OA41PJOBDJVSCT8BKEUKRIOCP4MI6OCCK9VV3KHV491I8HQ1II00,1,0.0,USD,Not Applicable,Not Applicable,Not Applicable,Price Amount,Not Applicable
UR1SC8OJ7VCL80H0B90I2F98BQNAJ10LP7OS8KLB6RMR13ILOFB0,OA41PJOBDJVSCT8BKEUKRIOCP4MI6OCCK9VV3KHV491I8HQ1II00,1,0.0,USD,Not Applicable,Not Applicable,Not Applicable,Tax,Not Applicable
P8HN5EVKPQ786EMF0BKKP6BUR5IQDV6JFUHNFULVV7Q8L8QKQ3SG,POHSNJ9EJ8FGD6O71LF5B1LT4O0B765KOM67680INU895KN81IT0,1,14.95,USD,Not Applicable,Not Applicable,Not Applicable,Price Amount,Not Applicable
P8HN5EVKPQ786EMF0BKKP6BUR5IQDV6JFUHNFULVV7Q8L8QKQ3SG,POHSNJ9EJ8FGD6O71LF5B1LT4O0B765KOM67680INU895KN81IT0,1,1.23,USD,Not Applicable,Not Applicable,Not Applicable,Tax,Not Applicable
S8GOMQHVCUDGK1D2232T0I6APEI3OV8N1GBOJT0A827AE1RDBSD0,SPPF7N3MJSE76B1JMD0RLH1LJJA6H8GST7Q6CICV6DE90TJ13B6G,1,1.23,USD,Not Applicable,Not Applicable,Not Applicable,Tax,Not Applicable
S8GOMQHVCUDGK1D2232T0I6APEI3OV8N1GBOJT0A827AE1RDBSD0,SPPF7N3MJSE76B1JMD0RLH1LJJA6H8GST7Q6CICV6DE90TJ13B6G,1,14.95,USD,Not Applicable,Not Applicable,Not Applicable,Price Amount,Not Applicable
M97CCNOVN9VD0K1H95S7EIQ37RPTCFADL0K6D68217VD9EPAD190,D7BQQ1IIJHKIOKBLLALAPPB444K8CIMP2ITN852IIVTPAD4PH2S0,1,1.23,USD,Not Applicable,Not Applicable,Not Applicable,Tax,Not Applicable
M97CCNOVN9VD0K1H95S7EIQ37RPTCFADL0K6D68217VD9EPAD190,D7BQQ1IIJHKIOKBLLALAPPB444K8CIMP2ITN852IIVTPAD4PH2S0,1,14.95,USD,Not Applicable,Not Applicable,Not Applicable,Price Amount,Not Applicable
1L02MJC443P79IKECLSSNTPJBO9V5BOAM6TJ7A8I51DS60UPVRQ0,8B74O3FLTFM3D9E86G626O7A45E85VOT7885JCO2GA569GSJQ060,1,14.95,USD,Not Applicable,Not Applicable,Not Applicable,Price Amount,Not Applicable
1L02MJC443P79IKECLSSNTPJBO9V5BOAM6TJ7A8I51DS60UPVRQ0,8B74O3FLTFM3D9E86G626O7A45E85VOT7885JCO2GA569GSJQ060,1,1.23,USD,Not Applicable,Not Applicable,Not Applicable,Tax,Not Applicable
3D772K1IVV5DJH3LB4041D7PKUV0S7GK8TR17SDKAHEOPI8MARNG,8RDHI50TJ0GQVFB1M1PVRDLQMJQT90AECHQODPR8F0VRF2HPJSE0,1,17.0,USD,Not Applicable,Not Applicable,Not Applicable,Price Amount,Not Applicable
3D772K1IVV5DJH3LB4041D7PKUV0S7GK8TR17SDKAHEOPI8MARNG,8RDHI50TJ0GQVFB1M1PVRDLQMJQT90AECHQODPR8F0VRF2HPJSE0,1,0.0,USD,Not Applicable,Not Applicable,Not Applicable,Tax,Not Applicable
3D772K1IVV5DJH3LB4041D7PKUV0S7GK8TR17SDKAHEOPI8MARNG,8RDHI50TJ0GQVFB1M1PVRDLQMJQT90AECHQODPR8F0VRF2HPJSE0,1,0.0,USD,Not Applicable,Not Applicable,Not Applicable,Tax,Promotion
3D772K1IVV5DJH3LB4041D7PKUV0S7GK8TR17SDKAHEOPI8MARNG,8RDHI50TJ0GQVFB1M1PVRDLQMJQT90AECHQODPR8F0VRF2HPJSE0,1,-17.0,USD,Not Applicable,Not Applicable,Not Applicable,Price Amount,Promotion
S6M2IQ1V51TDQQKTKRHU5HQQPPG5SUQ8GB9BDJ1CBU62A3FA0VC0,M7JT9CA6KFR9C2O6F25O6DPCVCE2R5S46G5I9H1D0NNDCBD4RMBG,1,1.23,USD,Not Applicable,Not Applicable,Not Applicable,Tax,Not Applicable
S6M2IQ1V51TDQQKTKRHU5HQQPPG5SUQ8GB9BDJ1CBU62A3FA0VC0,M7JT9CA6KFR9C2O6F25O6DPCVCE2R5S46G5I9H1D0NNDCBD4RMBG,1,14.95,USD,Not Applicable,Not Applicable,Not Applicable,Price Amount,Not Applicable
B3QU5I94FNLKN2JA3D98PE1RT6HI8BVM55ND56B9874B58S2C4H0,VVOPH42P4MOJ2QHG42RN9EN4UAIQRV205ILNJOTNBJCKC1TA5BC0,1,-4.86,USD,Not Applicable,Not Applicable,Not Applicable,Price Amount,Promotion
B3QU5I94FNLKN2JA3D98PE1RT6HI8BVM55ND56B9874B58S2C4H0,VVOPH42P4MOJ2QHG42RN9EN4UAIQRV205ILNJOTNBJCKC1TA5BC0,1,0.0,USD,Not Applicable,Not Applicable,Not Applicable,Tax,Promotion
B3QU5I94FNLKN2JA3D98PE1RT6HI8BVM55ND56B9874B58S2C4H0,VVOPH42P4MOJ2QHG42RN9EN4UAIQRV205ILNJOTNBJCKC1TA5BC0,1,0.0,USD,Not Applicable,Not Applicable,Not Applicable,Tax,Not Applicable
B3QU5I94FNLKN2JA3D98PE1RT6HI8BVM55ND56B9874B58S2C4H0,VVOPH42P4MOJ2QHG42RN9EN4UAIQRV205ILNJOTNBJCKC1TA5BC0,1,4.86,USD,Not Applicable,Not Applicable,Not Applicable,Price Amount,Not Applicable
K5HQ1TBMTI9JMEO9R9VF3JFI4E2KDRFL7EC1CFCMUR4S01JLSI3G,NHPM6S8JENPKKREK1T1VVG12V03A8TEJHD5T8852J5T62KSA4A00,1,0.0,USD,Not Applicable,Not Applicable,Not Applicable,Tax,Not Applicable
K5HQ1TBMTI9JMEO9R9VF3JFI4E2KDRFL7EC1CFCMUR4S01JLSI3G,NHPM6S8JENPKKREK1T1VVG12V03A8TEJHD5T8852J5T62KSA4A00,1,0.0,USD,Not Applicable,Not Applicable,Not Applicable,Tax,Promotion
K5HQ1TBMTI9JMEO9R9VF3JFI4E2KDRFL7EC1CFCMUR4S01JLSI3G,NHPM6S8JENPKKREK1T1VVG12V03A8TEJHD5T8852J5T62KSA4A00,1,15.04,USD,Not Applicable,Not Applicable,Not Applicable,Price Amount,Not Applicable
K5HQ1TBMTI9JMEO9R9VF3JFI4E2KDRFL7EC1CFCMUR4S01JLSI3G,NHPM6S8JENPKKREK1T1VVG12V03A8TEJHD5T8852J5T62KSA4A00,1,-15.04,USD,Not Applicable,Not Applicable,Not Applicable,Price Amount,Promotion
GAQJVGTPAV3TF5Q6A6JDUTUCF2E4BEOB8H73TCG4NO8GO93T4Q7G,MHO7G6E2ST9KGSG0VDFVI1KLH6KKBG7U3NKGO48IIGT64J7D0UCG,1,0.0,USD,Not Applicable,Not Applicable,Not Applicable,Tax,Promotion
GAQJVGTPAV3TF5Q6A6JDUTUCF2E4BEOB8H73TCG4NO8GO93T4Q7G,MHO7G6E2ST9KGSG0VDFVI1KLH6KKBG7U3NKGO48IIGT64J7D0UCG,1,0.0,USD,Not Applicable,Not Applicable,Not Applicable,Tax,Not Applicable
GAQJVGTPAV3TF5Q6A6JDUTUCF2E4BEOB8H73TCG4NO8GO93T4Q7G,MHO7G6E2ST9KGSG0VDFVI1KLH6KKBG7U3NKGO48IIGT64J7D0UCG,1,17.0,USD,Not Applicable,Not Applicable,Not Applicable,Price Amount,Not Applicable
GAQJVGTPAV3TF5Q6A6JDUTUCF2E4BEOB8H73TCG4NO8GO93T4Q7G,MHO7G6E2ST9KGSG0VDFVI1KLH6KKBG7U3NKGO48IIGT64J7D0UCG,1,-17.0,USD,Not Applicable,Not Applicable,Not Applicable,Price Amount,Promotion
9DGT389QC070I2UB5PK76T43TNJVMF9QONIMNG0PD5CJ9LRDDFU0,2A94UGU57EMREVU9TMG5BQ6UEIEJQ71DMBGA5SGM646IBVK63EEG,1,1.23,USD,Not Applicable,Not Applicable,Not Applicable,Tax,Not Applicable
9DGT389QC070I2UB5PK76T43TNJVMF9QONIMNG0PD5CJ9LRDDFU0,2A94UGU57EMREVU9TMG5BQ6UEIEJQ71DMBGA5SGM646IBVK63EEG,1,14.95,USD,Not Applicable,Not Applicable,Not Applicable,Price Amount,Not Applicable
EEG442644FPMFSPJESR8F8M9B88NPBDM770IS5I997T8REPBP3O0,25VD8VUN06U4QBCVKJPSQ99RBK44NTNUT0P81TSVQ92CSRRB9SVG,1,14.95,USD,Not Applicable,Not Applicable,Not Applicable,Price Amount,Not Applicable
EEG442644FPMFSPJESR8F8M9B88NPBDM770IS5I997T8REPBP3O0,25VD8VUN06U4QBCVKJPSQ99RBK44NTNUT0P81TSVQ92CSRRB9SVG,1,1.23,USD,Not Applicable,Not Applicable,Not Applicable,Tax,Not Applicable
GO7I79PLJI75ELAO139JF3I5U5567IKG07JM75QB35CL1B5E32TG,6JILHA2O59RVHCEDEFUFMNRHODPN6T4B83612N0B7PPB68IJ1BP0,1,10.46,USD,Not Applicable,Not Applicable,Not Applicable,Price Amount,Not Applicable
GO7I79PLJI75ELAO139JF3I5U5567IKG07JM75QB35CL1B5E32TG,6JILHA2O59RVHCEDEFUFMNRHODPN6T4B83612N0B7PPB68IJ1BP0,1,0.0,USD,Not Applicable,Not Applicable,Not Applicable,Tax,Not Applicable
GO7I79PLJI75ELAO139JF3I5U5567IKG07JM75QB35CL1B5E32TG,6JILHA2O59RVHCEDEFUFMNRHODPN6T4B83612N0B7PPB68IJ1BP0,1,-10.46,USD,Not Applicable,Not Applicable,Not Applicable,Price Amount,Promotion
GO7I79PLJI75ELAO139JF3I5U5567IKG07JM75QB35CL1B5E32TG,6JILHA2O59RVHCEDEFUFMNRHODPN6T4B83612N0B7PPB68IJ1BP0,1,0.0,USD,Not Applicable,Not Applicable,Not Applicable,Tax,Promotion
VTRBG10GJ6SR9FAIMLF4PBQ9MV17Q6QMLG3C6POVQN8FU2MMMSDG,00HVII0E74IJRO54SDP564USRDODAPR45V3AAAF8Q9TE7HLGNQPG,1,0.0,USD,Not Applicable,Not Applicable,Not Applicable,Tax,Not Applicable
VTRBG10GJ6SR9FAIMLF4PBQ9MV17Q6QMLG3C6POVQN8FU2MMMSDG,00HVII0E74IJRO54SDP564USRDODAPR45V3AAAF8Q9TE7HLGNQPG,1,0.0,USD,Not Applicable,Not Applicable,Not Applicable,Tax,Promotion
VTRBG10GJ6SR9FAIMLF4PBQ9MV17Q6QMLG3C6POVQN8FU2MMMSDG,00HVII0E74IJRO54SDP564USRDODAPR45V3AAAF8Q9TE7HLGNQPG,1,13.96,USD,Not Applicable,Not Applicable,Not Applicable,Price Amount,Not Applicable
VTRBG10GJ6SR9FAIMLF4PBQ9MV17Q6QMLG3C6POVQN8FU2MMMSDG,00HVII0E74IJRO54SDP564USRDODAPR45V3AAAF8Q9TE7HLGNQPG,1,-13.96,USD,Not Applicable,Not Applicable,Not Applicable,Price Amount,Promotion
V4S5JEG0EA1RFS0BSC6NP15FTKSLVE4ICURA9OMM6ENIUJLINP4G,VTFT8C6HOUCQQGO0MTEL1OOHQLO1KLPFKIGRO4HNMM4NLTIDM6S0,1,14.95,USD,Not Applicable,Not Applicable,Not Applicable,Price Amount,Not Applicable
V4S5JEG0EA1RFS0BSC6NP15FTKSLVE4ICURA9OMM6ENIUJLINP4G,VTFT8C6HOUCQQGO0MTEL1OOHQLO1KLPFKIGRO4HNMM4NLTIDM6S0,1,1.23,USD,Not Applicable,Not Applicable,Not Applicable,Tax,Not Applicable
GDPFS2UCABLCV2RT0L2JQ22CNRJPR0E6GADI0MMM791E5S94G5FG,5RVHEM89UIJ1JKRNL6CSL0C9RCVQGQAN8OE65KKCC6HMM86060K0,1,-10.46,USD,Not Applicable,Not Applicable,Not Applicable,Price Amount,Promotion
GDPFS2UCABLCV2RT0L2JQ22CNRJPR0E6GADI0MMM791E5S94G5FG,5RVHEM89UIJ1JKRNL6CSL0C9RCVQGQAN8OE65KKCC6HMM86060K0,1,10.46,USD,Not Applicable,Not Applicable,Not Applicable,Price Amount,Not Applicable
GDPFS2UCABLCV2RT0L2JQ22CNRJPR0E6GADI0MMM791E5S94G5FG,5RVHEM89UIJ1JKRNL6CSL0C9RCVQGQAN8OE65KKCC6HMM86060K0,1,0.0,USD,Not Applicable,Not Applicable,Not Applicable,Tax,Promotion
GDPFS2UCABLCV2RT0L2JQ22CNRJPR0E6GADI0MMM791E5S94G5FG,5RVHEM89UIJ1JKRNL6CSL0C9RCVQGQAN8OE65KKCC6HMM86060K0,1,0.0,USD,Not Applicable,Not Applicable,Not Applicable,Tax,Not Applicable
UBF48BIEKJK1ULU4B2MKMCOEKJUIF646AVBOFS7FK8HINBDHF8MG,N4P1GRTIV297D1CD9K5UD5JIFRJPRU1H199VF290FNFG4SM0PNK0,1,14.95,USD,Not Applicable,Not Applicable,Not Applicable,Price Amount,Not Applicable
UBF48BIEKJK1ULU4B2MKMCOEKJUIF646AVBOFS7FK8HINBDHF8MG,N4P1GRTIV297D1CD9K5UD5JIFRJPRU1H199VF290FNFG4SM0PNK0,1,1.23,USD,Not Applicable,Not Applicable,Not Applicable,Tax,Not Applicable
IGNPLTURNVP603I0DQ6K28S1EF8RR5STAQNFRIMKO9JF69LQJMLG,P04AHF26EDQ78F06U5PL0UVTR3KP8HLM262A5G62U3V2TU0358EG,1,14.95,USD,Not Applicable,Not Applicable,Not Applicable,Price Amount,Not Applicable
IGNPLTURNVP603I0DQ6K28S1EF8RR5STAQNFRIMKO9JF69LQJMLG,P04AHF26EDQ78F06U5PL0UVTR3KP8HLM262A5G62U3V2TU0358EG,1,1.23,USD,Not Applicable,Not Applicable,Not Applicable,Tax,Not Applicable
629TPDFFGH1JE45HGA543EMES6H6IIIK748GT8V64N0424DSE830,F3MAN6T5QUF6G5Q6PA6L85L70SERS4MVNGMEVATL596TCMK0RK7G,1,1.23,USD,Not Applicable,Not Applicable,Not Applicable,Tax,Not Applicable
629TPDFFGH1JE45HGA543EMES6H6IIIK748GT8V64N0424DSE830,F3MAN6T5QUF6G5Q6PA6L85L70SERS4MVNGMEVATL596TCMK0RK7G,1,14.95,USD,Not Applicable,Not Applicable,Not Applicable,Price Amount,Not Applicable
9GKBC98L181UEJR3S586052AVMK3G3PMSL9N0LOVBA8V1G7JUONG,EPGHRLDUM3KBBPG8LD9I5MVCLHFVFVONCQDL4I6970VGDP61KAFG,1,20.25,USD,Not Applicable,Not Applicable,Not Applicable,Price Amount,Not Applicable
9GKBC98L181UEJR3S586052AVMK3G3PMSL9N0LOVBA8V1G7JUONG,EPGHRLDUM3KBBPG8LD9I5MVCLHFVFVONCQDL4I6970VGDP61KAFG,1,0.0,USD,Not Applicable,Not Applicable,Not Applicable,Tax,Not Applicable
9GKBC98L181UEJR3S586052AVMK3G3PMSL9N0LOVBA8V1G7JUONG,EPGHRLDUM3KBBPG8LD9I5MVCLHFVFVONCQDL4I6970VGDP61KAFG,1,-20.25,USD,Not Applicable,Not Applicable,Not Applicable,Price Amount,Promotion
9GKBC98L181UEJR3S586052AVMK3G3PMSL9N0LOVBA8V1G7JUONG,EPGHRLDUM3KBBPG8LD9I5MVCLHFVFVONCQDL4I6970VGDP61KAFG,1,0.0,USD,Not Applicable,Not Applicable,Not Applicable,Tax,Promotion
43SBRK32433U8OPJ7Q5F6FGF8IT5O82NEPI7VHJTBUSNMBQP5TS0,QKM778CCIUMJ4R7T7UHNHE9DMRPMPE2QCL5IV3072HT4IQ2SA5JG,1,1.23,USD,Not Applicable,Not Applicable,Not Applicable,Tax,Not Applicable
43SBRK32433U8OPJ7Q5F6FGF8IT5O82NEPI7VHJTBUSNMBQP5TS0,QKM778CCIUMJ4R7T7UHNHE9DMRPMPE2QCL5IV3072HT4IQ2SA5JG,1,14.95,USD,Not Applicable,Not Applicable,Not Applicable,Price Amount,Not Applicable
QF9QETKQDGKCAI66SGVJN2JFD449V8DKIC55TBU724J93E952FM0,JI9CBFQU8DREL4E3EFTNJTEBRSF6A7RO6FPTNOTTEI8HU27NU6T0,1,15.75,USD,Not Applicable,Not Applicable,Not Applicable,Price Amount,Not Applicable
QF9QETKQDGKCAI66SGVJN2JFD449V8DKIC55TBU724J93E952FM0,JI9CBFQU8DREL4E3EFTNJTEBRSF6A7RO6FPTNOTTEI8HU27NU6T0,1,0.0,USD,Not Applicable,Not Applicable,Not Applicable,Tax,Not Applicable
QF9QETKQDGKCAI66SGVJN2JFD449V8DKIC55TBU724J93E952FM0,JI9CBFQU8DREL4E3EFTNJTEBRSF6A7RO6FPTNOTTEI8HU27NU6T0,1,-15.75,USD,Not Applicable,Not Applicable,Not Applicable,Price Amount,Promotion
QF9QETKQDGKCAI66SGVJN2JFD449V8DKIC55TBU724J93E952FM0,JI9CBFQU8DREL4E3EFTNJTEBRSF6A7RO6FPTNOTTEI8HU27NU6T0,1,0.0,USD,Not Applicable,Not Applicable,Not Applicable,Tax,Promotion
PI39J0CLPB2JMCT0AFQHOLCG0UGDUK2633IALTFF83IFIQ1OB7IG,OMTH3OLF4ARBTFLREDF1PTKANDHKCVRDCOUD76JJTTAA4COPN5M0,1,1.23,USD,Not Applicable,Not Applicable,Not Applicable,Tax,Not Applicable
PI39J0CLPB2JMCT0AFQHOLCG0UGDUK2633IALTFF83IFIQ1OB7IG,OMTH3OLF4ARBTFLREDF1PTKANDHKCVRDCOUD76JJTTAA4COPN5M0,1,14.95,USD,Not Applicable,Not Applicable,Not Applicable,Price Amount,Not Applicable
SH9GLQCFGFFKI3R9N5U7Q85L3BUCV5OHCITCMVOD9C4395UVOSF0,GME3ET3B9067MPOCMPJ7IVOPFJ2D76ISPPAM8A6K3SN3BG5PA360,1,0.0,USD,Not Applicable,Not Applicable,Not Applicable,Tax,Promotion
SH9GLQCFGFFKI3R9N5U7Q85L3BUCV5OHCITCMVOD9C4395UVOSF0,GME3ET3B9067MPOCMPJ7IVOPFJ2D76ISPPAM8A6K3SN3BG5PA360,1,0.0,USD,Not Applicable,Not Applicable,Not Applicable,Tax,Not Applicable
SH9GLQCFGFFKI3R9N5U7Q85L3BUCV5OHCITCMVOD9C4395UVOSF0,GME3ET3B9067MPOCMPJ7IVOPFJ2D76ISPPAM8A6K3SN3BG5PA360,1,24.95,USD,Not Applicable,Not Applicable,Not Applicable,Price Amount,Not Applicable
SH9GLQCFGFFKI3R9N5U7Q85L3BUCV5OHCITCMVOD9C4395UVOSF0,GME3ET3B9067MPOCMPJ7IVOPFJ2D76ISPPAM8A6K3SN3BG5PA360,1,-24.95,USD,Not Applicable,Not Applicable,Not Applicable,Price Amount,Promotion
GM3K1K80ADKKIBCOVMVQHC64IODEM7LD47HMKKQFSUMGLOUJCMTG,7MTFLAO3ADJ9GTIBVU1DS1P3IIV7EBJ66SDF32QF98VGKK2GOPLG,1,-19.44,USD,Not Applicable,Not Applicable,Not Applicable,Price Amount,Promotion
GM3K1K80ADKKIBCOVMVQHC64IODEM7LD47HMKKQFSUMGLOUJCMTG,7MTFLAO3ADJ9GTIBVU1DS1P3IIV7EBJ66SDF32QF98VGKK2GOPLG,1,19.44,USD,Not Applicable,Not Applicable,Not Applicable,Price Amount,Not Applicable
GM3K1K80ADKKIBCOVMVQHC64IODEM7LD47HMKKQFSUMGLOUJCMTG,7MTFLAO3ADJ9GTIBVU1DS1P3IIV7EBJ66SDF32QF98VGKK2GOPLG,1,0.0,USD,Not Applicable,Not Applicable,Not Applicable,Tax,Promotion
GM3K1K80ADKKIBCOVMVQHC64IODEM7LD47HMKKQFSUMGLOUJCMTG,7MTFLAO3ADJ9GTIBVU1DS1P3IIV7EBJ66SDF32QF98VGKK2GOPLG,1,0.0,USD,Not Applicable,Not Applicable,Not Applicable,Tax,Not Applicable
KQT0MF8GR3H7SS46M7IK4LPKFNDDVA6DAC07T9AKU4JII20UHAQ0,QRANFM5STPU08A0QC17U7JVKOJ5535V5I3PIDO86NM20KDT7E810,1,0.0,USD,Not Applicable,Not Applicable,Not Applicable,Tax,Promotion
KQT0MF8GR3H7SS46M7IK4LPKFNDDVA6DAC07T9AKU4JII20UHAQ0,QRANFM5STPU08A0QC17U7JVKOJ5535V5I3PIDO86NM20KDT7E810,1,-23.9,USD,Not Applicable,Not Applicable,Not Applicable,Price Amount,Promotion
KQT0MF8GR3H7SS46M7IK4LPKFNDDVA6DAC07T9AKU4JII20UHAQ0,QRANFM5STPU08A0QC17U7JVKOJ5535V5I3PIDO86NM20KDT7E810,1,0.0,USD,Not Applicable,Not Applicable,Not Applicable,Tax,Not Applicable
KQT0MF8GR3H7SS46M7IK4LPKFNDDVA6DAC07T9AKU4JII20UHAQ0,QRANFM5STPU08A0QC17U7JVKOJ5535V5I3PIDO86NM20KDT7E810,1,23.9,USD,Not Applicable,Not Applicable,Not Applicable,Price Amount,Not Applicable
UIR9201D8LLTCHOKDR9E8JO0NUECB21R8RQ0APLU59TTOCFGAO00,P6J43NLPLC8VL8KGKTMT9LP2NPOHLPN7LCKVEQU9SLB9019K9B6G,1,3.13,USD,Not Applicable,Not Applicable,Not Applicable,Tax,Not Applicable
UIR9201D8LLTCHOKDR9E8JO0NUECB21R8RQ0APLU59TTOCFGAO00,P6J43NLPLC8VL8KGKTMT9LP2NPOHLPN7LCKVEQU9SLB9019K9B6G,1,37.99,USD,Not Applicable,Not Applicable,Not Applicable,Price Amount,Not Applicable
MPLBA4V75U7I73NIRAVA5IBSTM4FQ6J8ECJO5FO7ICDKE7QN9CM0,PODA65PTK6HH89T28CMSI8T7V57NN850C95PRG6UU6U3F2JVBRNG,1,0.0,USD,Not Applicable,Not Applicable,Not Applicable,Tax,Promotion
MPLBA4V75U7I73NIRAVA5IBSTM4FQ6J8ECJO5FO7ICDKE7QN9CM0,PODA65PTK6HH89T28CMSI8T7V57NN850C95PRG6UU6U3F2JVBRNG,1,0.0,USD,Not Applicable,Not Applicable,Not Applicable,Tax,Not Applicable
MPLBA4V75U7I73NIRAVA5IBSTM4FQ6J8ECJO5FO7ICDKE7QN9CM0,PODA65PTK6HH89T28CMSI8T7V57NN850C95PRG6UU6U3F2JVBRNG,1,-14.95,USD,Not Applicable,Not Applicable,Not Applicable,Price Amount,Promotion
MPLBA4V75U7I73NIRAVA5IBSTM4FQ6J8ECJO5FO7ICDKE7QN9CM0,PODA65PTK6HH89T28CMSI8T7V57NN850C95PRG6UU6U3F2JVBRNG,1,14.95,USD,Not Applicable,Not Applicable,Not Applicable,Price Amount,Not Applicable
A1MRMS2GFBNR17QN0SU0EE9JSDCQ7KHP0E2OAQQD8CSMC1S96BJG,F4SQ686KV0OK3VOIUJG2PCNPOVR2A4FK4FPL023P306GDTPB4Q1G,1,1.23,USD,Not Applicable,Not Applicable,Not Applicable,Tax,Not Applicable
A1MRMS2GFBNR17QN0SU0EE9JSDCQ7KHP0E2OAQQD8CSMC1S96BJG,F4SQ686KV0OK3VOIUJG2PCNPOVR2A4FK4FPL023P306GDTPB4Q1G,1,14.95,USD,Not Applicable,Not Applicable,Not Applicable,Price Amount,Not Applicable
843VTDG3SRQRKGD9M3A2B24AVGRPIJ1MP5GG440Q9LKR6V7R4GJ0,Q03PC18TQ1746GUMMK5RI1KUD315L2VFLD6GVIQ4N7DOPAOM9G20,1,26.24,USD,Not Applicable,Not Applicable,Not Applicable,Price Amount,Not Applicable
843VTDG3SRQRKGD9M3A2B24AVGRPIJ1MP5GG440Q9LKR6V7R4GJ0,Q03PC18TQ1746GUMMK5RI1KUD315L2VFLD6GVIQ4N7DOPAOM9G20,1,-26.24,USD,Not Applicable,Not Applicable,Not Applicable,Price Amount,Promotion
843VTDG3SRQRKGD9M3A2B24AVGRPIJ1MP5GG440Q9LKR6V7R4GJ0,Q03PC18TQ1746GUMMK5RI1KUD315L2VFLD6GVIQ4N7DOPAOM9G20,1,0.0,USD,Not Applicable,Not Applicable,Not Applicable,Tax,Promotion
843VTDG3SRQRKGD9M3A2B24AVGRPIJ1MP5GG440Q9LKR6V7R4GJ0,Q03PC18TQ1746GUMMK5RI1KUD315L2VFLD6GVIQ4N7DOPAOM9G20,1,0.0,USD,Not Applicable,Not Applicable,Not Applicable,Tax,Not Applicable
H1MKE6V0EB5Q9R36E77EK7I4JHNHRFJBP4KED7MG5K70LFID0UCG,9A5O7VIFE7GDS7BMTIL91OO1KO344Q3DGR2ELQ3DMIS3HJD06NTG,1,-26.92,USD,Not Applicable,Not Applicable,Not Applicable,Price Amount,Promotion
H1MKE6V0EB5Q9R36E77EK7I4JHNHRFJBP4KED7MG5K70LFID0UCG,9A5O7VIFE7GDS7BMTIL91OO1KO344Q3DGR2ELQ3DMIS3HJD06NTG,1,0.0,USD,Not Applicable,Not Applicable,Not Applicable,Tax,Not Applicable
H1MKE6V0EB5Q9R36E77EK7I4JHNHRFJBP4KED7MG5K70LFID0UCG,9A5O7VIFE7GDS7BMTIL91OO1KO344Q3DGR2ELQ3DMIS3HJD06NTG,1,0.0,USD,Not Applicable,Not Applicable,Not Applicable,Tax,Promotion
H1MKE6V0EB5Q9R36E77EK7I4JHNHRFJBP4KED7MG5K70LFID0UCG,9A5O7VIFE7GDS7BMTIL91OO1KO344Q3DGR2ELQ3DMIS3HJD06NTG,1,26.92,USD,Not Applicable,Not Applicable,Not Applicable,Price Amount,Not Applicable
AET9A1VJ4SLQQPMU4B3PGH6U5H4MCNMQ3QQ64J2V9F5LDQ0Q860G,LP60C0MIK8SB7Q119BLC6DKD7OE1T423OE72EOD6GS2D1C2S3M50,1,14.95,USD,Not Applicable,Not Applicable,Not Applicable,Price Amount,Not Applicable
AET9A1VJ4SLQQPMU4B3PGH6U5H4MCNMQ3QQ64J2V9F5LDQ0Q860G,LP60C0MIK8SB7Q119BLC6DKD7OE1T423OE72EOD6GS2D1C2S3M50,1,-14.95,USD,Not Applicable,Not Applicable,Not Applicable,Price Amount,Promotion
AET9A1VJ4SLQQPMU4B3PGH6U5H4MCNMQ3QQ64J2V9F5LDQ0Q860G,LP60C0MIK8SB7Q119BLC6DKD7OE1T423OE72EOD6GS2D1C2S3M50,1,0.0,USD,Not Applicable,Not Applicable,Not Applicable,Tax,Promotion
AET9A1VJ4SLQQPMU4B3PGH6U5H4MCNMQ3QQ64J2V9F5LDQ0Q860G,LP60C0MIK8SB7Q119BLC6DKD7OE1T423OE72EOD6GS2D1C2S3M50,1,0.0,USD,Not Applicable,Not Applicable,Not Applicable,Tax,Not Applicable
O18M6BPPA042FTN482T3HDRLD9RO5DH8LDMF91ALK5AIJM1VCAJ0,R1IF7CNNPU77748DI1CSSJS4DR5BINU890PCOMCJ74CCEURTSD4G,1,1.23,USD,Not Applicable,Not Applicable,Not Applicable,Tax,Not Applicable
O18M6BPPA042FTN482T3HDRLD9RO5DH8LDMF91ALK5AIJM1VCAJ0,R1IF7CNNPU77748DI1CSSJS4DR5BINU890PCOMCJ74CCEURTSD4G,1,14.95,USD,Not Applicable,Not Applicable,Not Applicable,Price Amount,Not Applicable
MNE1EH58PBDV8APHFI8FKOR959TJFDLB5MI0399NJ9ITEP4D8IK0,SEAMR0DC9QN9GRQNAVC3IIPFV0M8MIK7RU16J38AIBGUI7VLDDDG,1,0.0,USD,Not Applicable,Not Applicable,Not Applicable,Tax,Promotion
MNE1EH58PBDV8APHFI8FKOR959TJFDLB5MI0399NJ9ITEP4D8IK0,SEAMR0DC9QN9GRQNAVC3IIPFV0M8MIK7RU16J38AIBGUI7VLDDDG,1,0.0,USD,Not Applicable,Not Applicable,Not Applicable,Tax,Not Applicable
MNE1EH58PBDV8APHFI8FKOR959TJFDLB5MI0399NJ9ITEP4D8IK0,SEAMR0DC9QN9GRQNAVC3IIPFV0M8MIK7RU16J38AIBGUI7VLDDDG,1,26.17,USD,Not Applicable,Not Applicable,Not Applicable,Price Amount,Not Applicable
MNE1EH58PBDV8APHFI8FKOR959TJFDLB5MI0399NJ9ITEP4D8IK0,SEAMR0DC9QN9GRQNAVC3IIPFV0M8MIK7RU16J38AIBGUI7VLDDDG,1,-26.17,USD,Not Applicable,Not Applicable,Not Applicable,Price Amount,Promotion
3KCUSHSG78D81Q9156FT0RI0FR3NLQ87JDF1KKBAPR2G82KK3UJ0,US3AODRU9JI99OGR89DHVGLS790TJJTP5U26SRD8NV9IRJFM3JVG,1,14.95,USD,Not Applicable,Not Applicable,Not Applicable,Price Amount,Not Applicable
3KCUSHSG78D81Q9156FT0RI0FR3NLQ87JDF1KKBAPR2G82KK3UJ0,US3AODRU9JI99OGR89DHVGLS790TJJTP5U26SRD8NV9IRJFM3JVG,1,1.23,USD,Not Applicable,Not Applicable,Not Applicable,Tax,Not Applicable
PUSQIMIR7ND2IV35NIT38RTM3JFD7LN1E85CC6SAIHF4QGBAKN30,EUTIK581MMPD3SG60MI0MEHK64J6FFFP3IPQ0SADE033P6AUJUTG,1,14.95,USD,Not Applicable,Not Applicable,Not Applicable,Price Amount,Not Applicable
PUSQIMIR7ND2IV35NIT38RTM3JFD7LN1E85CC6SAIHF4QGBAKN30,EUTIK581MMPD3SG60MI0MEHK64J6FFFP3IPQ0SADE033P6AUJUTG,1,1.23,USD,Not Applicable,Not Applicable,Not Applicable,Tax,Not Applicable
1UMUQ27MM1D614QGHLSARTP9BT3KJ2NCA4Q5TV7MJR0QFCA514UG,0EG6KB63FGSNJ8IIAJG6I2EHV7VO3DGK78Q3FDBATNMIJT6T4D80,1,0.0,USD,Not Applicable,Not Applicable,Not Applicable,Tax,Promotion
1UMUQ27MM1D614QGHLSARTP9BT3KJ2NCA4Q5TV7MJR0QFCA514UG,0EG6KB63FGSNJ8IIAJG6I2EHV7VO3DGK78Q3FDBATNMIJT6T4D80,1,-21.91,USD,Not Applicable,Not Applicable,Not Applicable,Price Amount,Promotion
1UMUQ27MM1D614QGHLSARTP9BT3KJ2NCA4Q5TV7MJR0QFCA514UG,0EG6KB63FGSNJ8IIAJG6I2EHV7VO3DGK78Q3FDBATNMIJT6T4D80,1,0.0,USD,Not Applicable,Not Applicable,Not Applicable,Tax,Not Applicable
1UMUQ27MM1D614QGHLSARTP9BT3KJ2NCA4Q5TV7MJR0QFCA514UG,0EG6KB63FGSNJ8IIAJG6I2EHV7VO3DGK78Q3FDBATNMIJT6T4D80,1,21.91,USD,Not Applicable,Not Applicable,Not Applicable,Price Amount,Not Applicable
PSNL07I56E0F83KTSLIBD57KN1KH9ROBFOIOKQLNFFLHE3MMKQL0,TC8U9JCCMBJ22GGUHDO7E0RTVGCTOO142T6THN8D571PTKTJJPGG,1,-5.99,USD,Not Applicable,Not Applicable,Not Applicable,Price Amount,Promotion
PSNL07I56E0F83KTSLIBD57KN1KH9ROBFOIOKQLNFFLHE3MMKQL0,TC8U9JCCMBJ22GGUHDO7E0RTVGCTOO142T6THN8D571PTKTJJPGG,1,0.0,USD,Not Applicable,Not Applicable,Not Applicable,Tax,Promotion
PSNL07I56E0F83KTSLIBD57KN1KH9ROBFOIOKQLNFFLHE3MMKQL0,TC8U9JCCMBJ22GGUHDO7E0RTVGCTOO142T6THN8D571PTKTJJPGG,1,0.0,USD,Not Applicable,Not Applicable,Not Applicable,Tax,Not Applicable
PSNL07I56E0F83KTSLIBD57KN1KH9ROBFOIOKQLNFFLHE3MMKQL0,TC8U9JCCMBJ22GGUHDO7E0RTVGCTOO142T6THN8D571PTKTJJPGG,1,5.99,USD,Not Applicable,Not Applicable,Not Applicable,Price Amount,Not Applicable
2NQOKCT673LMPOISPVIVVNUKMJAFDLMTEBP6JBDB4UEN45SVRI8G,F804S4MHNJDK6U28106TB38RRO0ADML2DHP1221D90IIN53DU2O0,1,14.95,USD,Not Applicable,Not Applicable,Not Applicable,Price Amount,Not Applicable
2NQOKCT673LMPOISPVIVVNUKMJAFDLMTEBP6JBDB4UEN45SVRI8G,F804S4MHNJDK6U28106TB38RRO0ADML2DHP1221D90IIN53DU2O0,1,1.23,USD,Not Applicable,Not Applicable,Not Applicable,Tax,Not Applicable
SGUDCFS15H68LVUFLK2RUTPOHUP1B3VOB5V9J4V76PLCVFLOOJA0,55UO6896N1IUJVUNPCPV8NM7G479R71RDSB8EKF05VR9PJ8ML28G,1,-22.49,USD,Not Applicable,Not Applicable,Not Applicable,Price Amount,Promotion
SGUDCFS15H68LVUFLK2RUTPOHUP1B3VOB5V9J4V76PLCVFLOOJA0,55UO6896N1IUJVUNPCPV8NM7G479R71RDSB8EKF05VR9PJ8ML28G,1,22.49,USD,Not Applicable,Not Applicable,Not Applicable,Price Amount,Not Applicable
SGUDCFS15H68LVUFLK2RUTPOHUP1B3VOB5V9J4V76PLCVFLOOJA0,55UO6896N1IUJVUNPCPV8NM7G479R71RDSB8EKF05VR9PJ8ML28G,1,0.0,USD,Not Applicable,Not Applicable,Not Applicable,Tax,Not Applicable
SGUDCFS15H68LVUFLK2RUTPOHUP1B3VOB5V9J4V76PLCVFLOOJA0,55UO6896N1IUJVUNPCPV8NM7G479R71RDSB8EKF05VR9PJ8ML28G,1,0.0,USD,Not Applicable,Not Applicable,Not Applicable,Tax,Promotion
OF7U4USA9RPA5D6Q9EVMCS2V0O1R13JL6PR4M64SS6V3M5SGKPH0,ID4R3HECRMU5AIE8ENIS3BS8H2LJN1UQK8DRRCG3TG57ISTBK5C0,1,1.23,USD,Not Applicable,Not Applicable,Not Applicable,Tax,Not Applicable
OF7U4USA9RPA5D6Q9EVMCS2V0O1R13JL6PR4M64SS6V3M5SGKPH0,ID4R3HECRMU5AIE8ENIS3BS8H2LJN1UQK8DRRCG3TG57ISTBK5C0,1,14.95,USD,Not Applicable,Not Applicable,Not Applicable,Price Amount,Not Applicable
65661OKJD6BKIQ9KHEOFP0PD6L07N0LNDVL1A1L9RCVQ56P75RAG,60RJ3PIMBUR06B5OBLUBOFM2H5M65RMGA24JSUHQ1S17L057GTAG,1,14.95,USD,Not Applicable,Not Applicable,Not Applicable,Price Amount,Not Applicable
65661OKJD6BKIQ9KHEOFP0PD6L07N0LNDVL1A1L9RCVQ56P75RAG,60RJ3PIMBUR06B5OBLUBOFM2H5M65RMGA24JSUHQ1S17L057GTAG,1,1.23,USD,Not Applicable,Not Applicable,Not Applicable,Tax,Not Applicable
JQPD79BPLTCFFE74K75M0QL194277RIVNGSJATESSKSTICQH15MG,4G3GC2MONNE5MFH1A6NR3JGTLH5LRVVM1OSF28C9V22KBO41C0NG,1,16.95,USD,Not Applicable,Not Applicable,Not Applicable,Price Amount,Not Applicable
JQPD79BPLTCFFE74K75M0QL194277RIVNGSJATESSKSTICQH15MG,4G3GC2MONNE5MFH1A6NR3JGTLH5LRVVM1OSF28C9V22KBO41C0NG,1,0.0,USD,Not Applicable,Not Applicable,Not Applicable,Tax,Promotion
JQPD79BPLTCFFE74K75M0QL194277RIVNGSJATESSKSTICQH15MG,4G3GC2MONNE5MFH1A6NR3JGTLH5LRVVM1OSF28C9V22KBO41C0NG,1,0.0,USD,Not Applicable,Not Applicable,Not Applicable,Tax,Not Applicable
JQPD79BPLTCFFE74K75M0QL194277RIVNGSJATESSKSTICQH15MG,4G3GC2MONNE5MFH1A6NR3JGTLH5LRVVM1OSF28C9V22KBO41C0NG,1,-16.95,USD,Not Applicable,Not Applicable,Not Applicable,Price Amount,Promotion
IPGK552R2O9PTANAOLL643DPR9J5S6P30QTMATC3GS7LENOLR9J0,CN3T3PAE1SFF1DTDB8GQ72S4059UVCQ6EO3ESGU718V93LDKT5U0,1,0.0,USD,Not Applicable,Not Applicable,Not Applicable,Tax,Not Applicable
IPGK552R2O9PTANAOLL643DPR9J5S6P30QTMATC3GS7LENOLR9J0,CN3T3PAE1SFF1DTDB8GQ72S4059UVCQ6EO3ESGU718V93LDKT5U0,1,0.0,USD,Not Applicable,Not Applicable,Not Applicable,Tax,Promotion
IPGK552R2O9PTANAOLL643DPR9J5S6P30QTMATC3GS7LENOLR9J0,CN3T3PAE1SFF1DTDB8GQ72S4059UVCQ6EO3ESGU718V93LDKT5U0,1,14.95,USD,Not Applicable,Not Applicable,Not Applicable,Price Amount,Not Applicable
IPGK552R2O9PTANAOLL643DPR9J5S6P30QTMATC3GS7LENOLR9J0,CN3T3PAE1SFF1DTDB8GQ72S4059UVCQ6EO3ESGU718V93LDKT5U0,1,-14.95,USD,Not Applicable,Not Applicable,Not Applicable,Price Amount,Promotion
C410BTFVMTJP1EC179ONQFOF73EK32CASNQJHH9Q442BMABRU0F0,RN11MFLUJF62DJIPPHP0SLUMHB5CG8NRP4G08T5OTKPPE9E98LIG,1,1.23,USD,Not Applicable,Not Applicable,Not Applicable,Tax,Not Applicable
C410BTFVMTJP1EC179ONQFOF73EK32CASNQJHH9Q442BMABRU0F0,RN11MFLUJF62DJIPPHP0SLUMHB5CG8NRP4G08T5OTKPPE9E98LIG,1,14.95,USD,Not Applicable,Not Applicable,Not Applicable,Price Amount,Not Applicable
8GM8U427AUFA1E4SM7JT5MCB8CBITC380U87DATPSG6SGS6H4AI0,TI0NR3AHCL5Q8L32GSKSMNJ9T9RL7FCBFOTRKQK3K8LF1OGOFMR0,1,-14.95,USD,Not Applicable,Not Applicable,Not Applicable,Price Amount,Promotion
8GM8U427AUFA1E4SM7JT5MCB8CBITC380U87DATPSG6SGS6H4AI0,TI0NR3AHCL5Q8L32GSKSMNJ9T9RL7FCBFOTRKQK3K8LF1OGOFMR0,1,0.0,USD,Not Applicable,Not Applicable,Not Applicable,Tax,Promotion
8GM8U427AUFA1E4SM7JT5MCB8CBITC380U87DATPSG6SGS6H4AI0,TI0NR3AHCL5Q8L32GSKSMNJ9T9RL7FCBFOTRKQK3K8LF1OGOFMR0,1,0.0,USD,Not Applicable,Not Applicable,Not Applicable,Tax,Not Applicable
8GM8U427AUFA1E4SM7JT5MCB8CBITC380U87DATPSG6SGS6H4AI0,TI0NR3AHCL5Q8L32GSKSMNJ9T9RL7FCBFOTRKQK3K8LF1OGOFMR0,1,14.95,USD,Not Applicable,Not Applicable,Not Applicable,Price Amount,Not Applicable
JJD5U6FL84J6OCRSV11586I81CEDGSK2IE02GBQ6NO8KKUPL5090,UNB3OFVA042QKUNMC4NI3QBFOCN6RM579T7H5E5UF08ODJBALBO0,1,14.95,USD,Not Applicable,Not Applicable,Not Applicable,Price Amount,Not Applicable
JJD5U6FL84J6OCRSV11586I81CEDGSK2IE02GBQ6NO8KKUPL5090,UNB3OFVA042QKUNMC4NI3QBFOCN6RM579T7H5E5UF08ODJBALBO0,1,1.23,USD,Not Applicable,Not Applicable,Not Applicable,Tax,Not Applicable
JNURUBVV09IAFOJNGLH4FQJB4661JQ0TJINJ068JP26MNNJM1MMG,RMKNGDC7L1F64GE07L8CUA2U23UDMQ5HK7R0NO9P090B4QGU90D0,1,14.95,USD,Not Applicable,Not Applicable,Not Applicable,Price Amount,Not Applicable
JNURUBVV09IAFOJNGLH4FQJB4661JQ0TJINJ068JP26MNNJM1MMG,RMKNGDC7L1F64GE07L8CUA2U23UDMQ5HK7R0NO9P090B4QGU90D0,1,1.23,USD,Not Applicable,Not Applicable,Not Applicable,Tax,Not Applicable
OKFD3IROBQ0BMOGTH86PB4KGN2GOPK149BPRRVQEPK4MS1V74AO0,IHDB4NLDG342V3A21CTGVRCL30JD3NT1GJJP0K8HQ6G715Q50NSG,1,0.0,USD,Not Applicable,Not Applicable,Not Applicable,Tax,Not Applicable
OKFD3IROBQ0BMOGTH86PB4KGN2GOPK149BPRRVQEPK4MS1V74AO0,IHDB4NLDG342V3A21CTGVRCL30JD3NT1GJJP0K8HQ6G715Q50NSG,1,14.95,USD,Not Applicable,Not Applicable,Not Applicable,Price Amount,Not Applicable
OKFD3IROBQ0BMOGTH86PB4KGN2GOPK149BPRRVQEPK4MS1V74AO0,IHDB4NLDG342V3A21CTGVRCL30JD3NT1GJJP0K8HQ6G715Q50NSG,1,0.0,USD,Not Applicable,Not Applicable,Not Applicable,Tax,Promotion
OKFD3IROBQ0BMOGTH86PB4KGN2GOPK149BPRRVQEPK4MS1V74AO0,IHDB4NLDG342V3A21CTGVRCL30JD3NT1GJJP0K8HQ6G715Q50NSG,1,-14.95,USD,Not Applicable,Not Applicable,Not Applicable,Price Amount,Promotion
SGM6NC1RK2E5C86HD3OGJ34ALJVK0PU3S34V6LD8NQ17RHBEO22G,UE2DII2ATD6RON0M870NNBP0QOK7BNHOR563DM3UPR10IOVEP540,1,14.95,USD,Not Applicable,Not Applicable,Not Applicable,Price Amount,Not Applicable
SGM6NC1RK2E5C86HD3OGJ34ALJVK0PU3S34V6LD8NQ17RHBEO22G,UE2DII2ATD6RON0M870NNBP0QOK7BNHOR563DM3UPR10IOVEP540,1,1.23,USD,Not Applicable,Not Applicable,Not Applicable,Tax,Not Applicable
CO5C6QQ85V8C43T4EP0ICRCQI65DR0H4TVSROT9PDDJEAKE2KEDG,JA1A206RCKF1G4OFOHAG06HJ8G48EOC4B890MQ37BLJAJONE062G,1,0.0,USD,Not Applicable,Not Applicable,Not Applicable,Tax,Not Applicable
CO5C6QQ85V8C43T4EP0ICRCQI65DR0H4TVSROT9PDDJEAKE2KEDG,JA1A206RCKF1G4OFOHAG06HJ8G48EOC4B890MQ37BLJAJONE062G,1,17.35,USD,Not Applicable,Not Applicable,Not Applicable,Price Amount,Not Applicable
CO5C6QQ85V8C43T4EP0ICRCQI65DR0H4TVSROT9PDDJEAKE2KEDG,JA1A206RCKF1G4OFOHAG06HJ8G48EOC4B890MQ37BLJAJONE062G,1,-17.35,USD,Not Applicable,Not Applicable,Not Applicable,Price Amount,Promotion
CO5C6QQ85V8C43T4EP0ICRCQI65DR0H4TVSROT9PDDJEAKE2KEDG,JA1A206RCKF1G4OFOHAG06HJ8G48EOC4B890MQ37BLJAJONE062G,1,0.0,USD,Not Applicable,Not Applicable,Not Applicable,Tax,Promotion
80TGV5NOG6AMB6SPKOKH6T7VOPOH53PLI21KO04CUQMOVDP1IHV0,VAIJ5NKGQJT47GA68UOC0IOP9M37700A7DJU4G3O3KGEQVFG9AE0,1,14.95,USD,Not Applicable,Not Applicable,Not Applicable,Price Amount,Not Applicable
80TGV5NOG6AMB6SPKOKH6T7VOPOH53PLI21KO04CUQMOVDP1IHV0,VAIJ5NKGQJT47GA68UOC0IOP9M37700A7DJU4G3O3KGEQVFG9AE0,1,1.23,USD,Not Applicable,Not Applicable,Not Applicable,Tax,Not Applicable
UHE28H4HQGD83MLV56TU4D7CJJPJTJN4106BTB2TJO0NU9LA7GLG,UTH3R8H2K8FCJAVC9PAT2FN982721L3DMKQU7MMLGF8PH7VQ4EB0,1,0.0,USD,Not Applicable,Not Applicable,Not Applicable,Tax,Not Applicable
UHE28H4HQGD83MLV56TU4D7CJJPJTJN4106BTB2TJO0NU9LA7GLG,UTH3R8H2K8FCJAVC9PAT2FN982721L3DMKQU7MMLGF8PH7VQ4EB0,1,-24.95,USD,Not Applicable,Not Applicable,Not Applicable,Price Amount,Promotion
UHE28H4HQGD83MLV56TU4D7CJJPJTJN4106BTB2TJO0NU9LA7GLG,UTH3R8H2K8FCJAVC9PAT2FN982721L3DMKQU7MMLGF8PH7VQ4EB0,1,0.0,USD,Not Applicable,Not Applicable,Not Applicable,Tax,Promotion
UHE28H4HQGD83MLV56TU4D7CJJPJTJN4106BTB2TJO0NU9LA7GLG,UTH3R8H2K8FCJAVC9PAT2FN982721L3DMKQU7MMLGF8PH7VQ4EB0,1,24.95,USD,Not Applicable,Not Applicable,Not Applicable,Price Amount,Not Applicable
DS77H1VGK3D96309ADCPAJ9JLOHRAJFNTDTQTDT2PS850DCP3EKG,DUJG1V7R9K5ENPEF6ARKA9D47UB7UH3MDUGH0AS2IB87JU9KFHDG,1,6.95,USD,Not Applicable,Not Applicable,Not Applicable,Price Amount,Not Applicable
DS77H1VGK3D96309ADCPAJ9JLOHRAJFNTDTQTDT2PS850DCP3EKG,DUJG1V7R9K5ENPEF6ARKA9D47UB7UH3MDUGH0AS2IB87JU9KFHDG,1,-6.95,USD,Not Applicable,Not Applicable,Not Applicable,Price Amount,Promotion
DS77H1VGK3D96309ADCPAJ9JLOHRAJFNTDTQTDT2PS850DCP3EKG,DUJG1V7R9K5ENPEF6ARKA9D47UB7UH3MDUGH0AS2IB87JU9KFHDG,1,0.0,USD,Not Applicable,Not Applicable,Not Applicable,Tax,Promotion
DS77H1VGK3D96309ADCPAJ9JLOHRAJFNTDTQTDT2PS850DCP3EKG,DUJG1V7R9K5ENPEF6ARKA9D47UB7UH3MDUGH0AS2IB87JU9KFHDG,1,0.0,USD,Not Applicable,Not Applicable,Not Applicable,Tax,Not Applicable
06R1LCN4AB9RVC4CH8R4HR15E01K198KJ9U3LIFM57LU6787SOEG,6QU6MH7UE2V9K103V2866B85RO1CKHTG81VHH79DGP7MI74O0IT0,1,1.23,USD,Not Applicable,Not Applicable,Not Applicable,Tax,Not Applicable
06R1LCN4AB9RVC4CH8R4HR15E01K198KJ9U3LIFM57LU6787SOEG,6QU6MH7UE2V9K103V2866B85RO1CKHTG81VHH79DGP7MI74O0IT0,1,14.95,USD,Not Applicable,Not Applicable,Not Applicable,Price Amount,Not Applicable
HOJ4PM4996MTRF8N1AVV8VC6OPJ133Q53UB53DMA27SF2SKR3VNG,STP9G80VC08L4ER917EGM0ILHS3K2QEOF3S50I166F3J92VPDC70,1,-20.9,USD,Not Applicable,Not Applicable,Not Applicable,Price Amount,Promotion
HOJ4PM4996MTRF8N1AVV8VC6OPJ133Q53UB53DMA27SF2SKR3VNG,STP9G80VC08L4ER917EGM0ILHS3K2QEOF3S50I166F3J92VPDC70,1,20.9,USD,Not Applicable,Not Applicable,Not Applicable,Price Amount,Not Applicable
HOJ4PM4996MTRF8N1AVV8VC6OPJ133Q53UB53DMA27SF2SKR3VNG,STP9G80VC08L4ER917EGM0ILHS3K2QEOF3S50I166F3J92VPDC70,1,0.0,USD,Not Applicable,Not Applicable,Not Applicable,Tax,Not Applicable
HOJ4PM4996MTRF8N1AVV8VC6OPJ133Q53UB53DMA27SF2SKR3VNG,STP9G80VC08L4ER917EGM0ILHS3K2QEOF3S50I166F3J92VPDC70,1,0.0,USD,Not Applicable,Not Applicable,Not Applicable,Tax,Promotion
M5VFD0SKLJFNQ9O7GA6OLFJ37FBVNPPMHIOMNIRK7IK8IBUM3GPG,04IFG38U4LU8VEMNCQBHKO72TGF6CM7P9V36L34ATD9MK81VI3BG,1,39.99,USD,Not Applicable,Not Applicable,Not Applicable,Price Amount,Not Applicable
R018KJM95N43DRFJTBBJ4LF44HRVU16PRN270CI80I3A66571N70,F1JRMUUV75KGER725G1C6GSSP4RKGOTC21VAUE6F9JI8ON76JA6G,1,-22.8,USD,Not Applicable,Not Applicable,Not Applicable,Price Amount,Promotion
R018KJM95N43DRFJTBBJ4LF44HRVU16PRN270CI80I3A66571N70,F1JRMUUV75KGER725G1C6GSSP4RKGOTC21VAUE6F9JI8ON76JA6G,1,0.0,USD,Not Applicable,Not Applicable,Not Applicable,Tax,Promotion
R018KJM95N43DRFJTBBJ4LF44HRVU16PRN270CI80I3A66571N70,F1JRMUUV75KGER725G1C6GSSP4RKGOTC21VAUE6F9JI8ON76JA6G,1,0.0,USD,Not Applicable,Not Applicable,Not Applicable,Tax,Not Applicable
R018KJM95N43DRFJTBBJ4LF44HRVU16PRN270CI80I3A66571N70,F1JRMUUV75KGER725G1C6GSSP4RKGOTC21VAUE6F9JI8ON76JA6G,1,22.8,USD,Not Applicable,Not Applicable,Not Applicable,Price Amount,Not Applicable
M7F9IVG4JRI16VQELURP8IO5VTLKN37DJ3HKJEQ2KIPIAH1E76PG,2NQUOIJQH0EH9J0VGO2J4JH3K0UANPLFUHQ7MRCROAB324RDQ410,1,0.0,USD,Not Applicable,Not Applicable,Not Applicable,Tax,Not Applicable
M7F9IVG4JRI16VQELURP8IO5VTLKN37DJ3HKJEQ2KIPIAH1E76PG,2NQUOIJQH0EH9J0VGO2J4JH3K0UANPLFUHQ7MRCROAB324RDQ410,1,0.0,USD,Not Applicable,Not Applicable,Not Applicable,Tax,Promotion
M7F9IVG4JRI16VQELURP8IO5VTLKN37DJ3HKJEQ2KIPIAH1E76PG,2NQUOIJQH0EH9J0VGO2J4JH3K0UANPLFUHQ7MRCROAB324RDQ410,1,28.5,USD,Not Applicable,Not Applicable,Not Applicable,Price Amount,Not Applicable
M7F9IVG4JRI16VQELURP8IO5VTLKN37DJ3HKJEQ2KIPIAH1E76PG,2NQUOIJQH0EH9J0VGO2J4JH3K0UANPLFUHQ7MRCROAB324RDQ410,1,-28.5,USD,Not Applicable,Not Applicable,Not Applicable,Price Amount,Promotion
D9NIQ1SSFGB7SO52VPS6VCKINSNMTBU912DLL9VGUFJK0ACNEF1G,06RBD7E20ECN00H62M07895EATCMGUU0K6UB3K1IBI1P3RVOG0QG,1,-22.8,USD,Not Applicable,Not Applicable,Not Applicable,Price Amount,Promotion
D9NIQ1SSFGB7SO52VPS6VCKINSNMTBU912DLL9VGUFJK0ACNEF1G,06RBD7E20ECN00H62M07895EATCMGUU0K6UB3K1IBI1P3RVOG0QG,1,22.8,USD,Not Applicable,Not Applicable,Not Applicable,Price Amount,Not Applicable
D9NIQ1SSFGB7SO52VPS6VCKINSNMTBU912DLL9VGUFJK0ACNEF1G,06RBD7E20ECN00H62M07895EATCMGUU0K6UB3K1IBI1P3RVOG0QG,1,0.0,USD,Not Applicable,Not Applicable,Not Applicable,Tax,Promotion
D9NIQ1SSFGB7SO52VPS6VCKINSNMTBU912DLL9VGUFJK0ACNEF1G,06RBD7E20ECN00H62M07895EATCMGUU0K6UB3K1IBI1P3RVOG0QG,1,0.0,USD,Not Applicable,Not Applicable,Not Applicable,Tax,Not Applicable
F26P3O2R5JSDGIEB9D1EK2DR2PL3DTCJU6MS4A7IDISDDD0OFBT0,EJ34SFESDGAD3A7P99EK6UIG3A2LGKJ3CIC9LIN7218077UDNDO0,1,14.95,USD,Not Applicable,Not Applicable,Not Applicable,Price Amount,Not Applicable
F26P3O2R5JSDGIEB9D1EK2DR2PL3DTCJU6MS4A7IDISDDD0OFBT0,EJ34SFESDGAD3A7P99EK6UIG3A2LGKJ3CIC9LIN7218077UDNDO0,1,1.23,USD,Not Applicable,Not Applicable,Not Applicable,Tax,Not Applicable
NDC5JLRG6D6FFA74I08H8LAQ30OILF17IBRSJHVSH5EFF3FGRDMG,RSBG38D9FSPVFCLVSNJH0TIIDV6SFQPCS3T020H0AD1J4QS4URL0,1,0.0,USD,Not Applicable,Not Applicable,Not Applicable,Tax,Not Applicable
NDC5JLRG6D6FFA74I08H8LAQ30OILF17IBRSJHVSH5EFF3FGRDMG,RSBG38D9FSPVFCLVSNJH0TIIDV6SFQPCS3T020H0AD1J4QS4URL0,1,24.95,USD,Not Applicable,Not Applicable,Not Applicable,Price Amount,Not Applicable
NDC5JLRG6D6FFA74I08H8LAQ30OILF17IBRSJHVSH5EFF3FGRDMG,RSBG38D9FSPVFCLVSNJH0TIIDV6SFQPCS3T020H0AD1J4QS4URL0,1,0.0,USD,Not Applicable,Not Applicable,Not Applicable,Tax,Promotion
NDC5JLRG6D6FFA74I08H8LAQ30OILF17IBRSJHVSH5EFF3FGRDMG,RSBG38D9FSPVFCLVSNJH0TIIDV6SFQPCS3T020H0AD1J4QS4URL0,1,-24.95,USD,Not Applicable,Not Applicable,Not Applicable,Price Amount,Promotion
L35SUHRG2FTBF95MKFB9NOQNVT7JHI78JD9K4UQ8CQNT5LV8ST90,9PHRMSFHTQM688UO3U9MS5LNM2LV1NVI5NEG7FCQFG10J1MCJTDG,1,39.99,USD,Not Applicable,Not Applicable,Not Applicable,Price Amount,Not Applicable
VE2CJJU9I1D4LVD55U1C7MI2Q6FDEM6F76HGVGQ2SBD2J5RBP9HG,QA3C48NNDCF7G1898DIDD591235QNRFAA9LMDS0Q307VR7R5GR90,1,0.0,USD,Not Applicable,Not Applicable,Not Applicable,Tax,Promotion
VE2CJJU9I1D4LVD55U1C7MI2Q6FDEM6F76HGVGQ2SBD2J5RBP9HG,QA3C48NNDCF7G1898DIDD591235QNRFAA9LMDS0Q307VR7R5GR90,1,-14.95,USD,Not Applicable,Not Applicable,Not Applicable,Price Amount,Promotion
VE2CJJU9I1D4LVD55U1C7MI2Q6FDEM6F76HGVGQ2SBD2J5RBP9HG,QA3C48NNDCF7G1898DIDD591235QNRFAA9LMDS0Q307VR7R5GR90,1,0.0,USD,Not Applicable,Not Applicable,Not Applicable,Tax,Not Applicable
VE2CJJU9I1D4LVD55U1C7MI2Q6FDEM6F76HGVGQ2SBD2J5RBP9HG,QA3C48NNDCF7G1898DIDD591235QNRFAA9LMDS0Q307VR7R5GR90,1,14.95,USD,Not Applicable,Not Applicable,Not Applicable,Price Amount,Not Applicable
L7G7SHBCL8VM86R38E2K4NNHS59192NVO7904R3J0BJU9QK3PTD0,QGBLI6NGJOCJEIF1IRO7U8SGNRLEALGRH9IVCPJK5MPFTNI73OVG,1,14.95,USD,Not Applicable,Not Applicable,Not Applicable,Price Amount,Not Applicable
L7G7SHBCL8VM86R38E2K4NNHS59192NVO7904R3J0BJU9QK3PTD0,QGBLI6NGJOCJEIF1IRO7U8SGNRLEALGRH9IVCPJK5MPFTNI73OVG,1,1.23,USD,Not Applicable,Not Applicable,Not Applicable,Tax,Not Applicable
EA3GG7JLJH34HS3PG44IK3V37VVKEFRGSB71NPM32QUADFC1FS90,L95CLJ2DRUR7VDN4MPDV17QUL749N7EVKAAD79J87INEUOP8G72G,1,0.0,USD,Not Applicable,Not Applicable,Not Applicable,Tax,Not Applicable
EA3GG7JLJH34HS3PG44IK3V37VVKEFRGSB71NPM32QUADFC1FS90,L95CLJ2DRUR7VDN4MPDV17QUL749N7EVKAAD79J87INEUOP8G72G,1,0.0,USD,Not Applicable,Not Applicable,Not Applicable,Tax,Promotion
EA3GG7JLJH34HS3PG44IK3V37VVKEFRGSB71NPM32QUADFC1FS90,L95CLJ2DRUR7VDN4MPDV17QUL749N7EVKAAD79J87INEUOP8G72G,1,-19.95,USD,Not Applicable,Not Applicable,Not Applicable,Price Amount,Promotion
EA3GG7JLJH34HS3PG44IK3V37VVKEFRGSB71NPM32QUADFC1FS90,L95CLJ2DRUR7VDN4MPDV17QUL749N7EVKAAD79J87INEUOP8G72G,1,19.95,USD,Not Applicable,Not Applicable,Not Applicable,Price Amount,Not Applicable
DRTJOSPQVC0LH46H5IMPNO1JKD93FFDBN1QM7Q8RE4GIFD13MGOG,6KKVPUVJD2A36UVDDC1RL663JV82SSKQ6FMRK8T0GRV4N75SFJF0,1,-12.99,USD,Not Applicable,Not Applicable,Not Applicable,Price Amount,Promotion
DRTJOSPQVC0LH46H5IMPNO1JKD93FFDBN1QM7Q8RE4GIFD13MGOG,6KKVPUVJD2A36UVDDC1RL663JV82SSKQ6FMRK8T0GRV4N75SFJF0,1,0.0,USD,Not Applicable,Not Applicable,Not Applicable,Tax,Not Applicable
DRTJOSPQVC0LH46H5IMPNO1JKD93FFDBN1QM7Q8RE4GIFD13MGOG,6KKVPUVJD2A36UVDDC1RL663JV82SSKQ6FMRK8T0GRV4N75SFJF0,1,0.0,USD,Not Applicable,Not Applicable,Not Applicable,Tax,Promotion
DRTJOSPQVC0LH46H5IMPNO1JKD93FFDBN1QM7Q8RE4GIFD13MGOG,6KKVPUVJD2A36UVDDC1RL663JV82SSKQ6FMRK8T0GRV4N75SFJF0,1,12.99,USD,Not Applicable,Not Applicable,Not Applicable,Price Amount,Not Applicable
GUO5TUIS8UDSSJ0A6NH5Q3JKN36N2V8GS7FMFJEJSC3VDQ41OTHG,AGIU1HUKJGMTK01K4GCNIFR00IO266KQLAI833BBHKF3FILRF420,1,1.23,USD,Not Applicable,Not Applicable,Not Applicable,Tax,Not Applicable
GUO5TUIS8UDSSJ0A6NH5Q3JKN36N2V8GS7FMFJEJSC3VDQ41OTHG,AGIU1HUKJGMTK01K4GCNIFR00IO266KQLAI833BBHKF3FILRF420,1,14.95,USD,Not Applicable,Not Applicable,Not Applicable,Price Amount,Not Applicable
BB51TOCKI13PRP3AS80FA4HNTRVR41R5EC8JLU7NUIMUOLC85660,7AH82ANPRIQTVI88VOBOSNFT4F40PUVSO8HAJ63PR13SVQR8R79G,1,0.0,USD,Not Applicable,Not Applicable,Not Applicable,Tax,Promotion
BB51TOCKI13PRP3AS80FA4HNTRVR41R5EC8JLU7NUIMUOLC85660,7AH82ANPRIQTVI88VOBOSNFT4F40PUVSO8HAJ63PR13SVQR8R79G,1,0.0,USD,Not Applicable,Not Applicable,Not Applicable,Tax,Not Applicable
BB51TOCKI13PRP3AS80FA4HNTRVR41R5EC8JLU7NUIMUOLC85660,7AH82ANPRIQTVI88VOBOSNFT4F40PUVSO8HAJ63PR13SVQR8R79G,1,-14.95,USD,Not Applicable,Not Applicable,Not Applicable,Price Amount,Promotion
BB51TOCKI13PRP3AS80FA4HNTRVR41R5EC8JLU7NUIMUOLC85660,7AH82ANPRIQTVI88VOBOSNFT4F40PUVSO8HAJ63PR13SVQR8R79G,1,14.95,USD,Not Applicable,Not Applicable,Not Applicable,Price Amount,Not Applicable
09EHDLO44H3UI55AKK10CHVCAGQH9HRIQMC9KR3KH5E4K457G0K0,FV2UK9OD9S6KESG6MA4CO2AE1RFR9HKEF6O4Q9KPRPMV76UAQB00,1,-19.95,USD,Not Applicable,Not Applicable,Not Applicable,Price Amount,Promotion
09EHDLO44H3UI55AKK10CHVCAGQH9HRIQMC9KR3KH5E4K457G0K0,FV2UK9OD9S6KESG6MA4CO2AE1RFR9HKEF6O4Q9KPRPMV76UAQB00,1,19.95,USD,Not Applicable,Not Applicable,Not Applicable,Price Amount,Not Applicable
09EHDLO44H3UI55AKK10CHVCAGQH9HRIQMC9KR3KH5E4K457G0K0,FV2UK9OD9S6KESG6MA4CO2AE1RFR9HKEF6O4Q9KPRPMV76UAQB00,1,0.0,USD,Not Applicable,Not Applicable,Not Applicable,Tax,Not Applicable
09EHDLO44H3UI55AKK10CHVCAGQH9HRIQMC9KR3KH5E4K457G0K0,FV2UK9OD9S6KESG6MA4CO2AE1RFR9HKEF6O4Q9KPRPMV76UAQB00,1,0.0,USD,Not Applicable,Not Applicable,Not Applicable,Tax,Promotion
A82LE7TPDIM0PGDU9A5HJUGBQ92IQ8QCM11IA8CGEDR3MKVJ5V40,GM1A34IM4LQ5VN2647VBLUU1947MGJBFJDGN855IHS2P4M6A6ET0,1,14.95,USD,Not Applicable,Not Applicable,Not Applicable,Price Amount,Not Applicable
A82LE7TPDIM0PGDU9A5HJUGBQ92IQ8QCM11IA8CGEDR3MKVJ5V40,GM1A34IM4LQ5VN2647VBLUU1947MGJBFJDGN855IHS2P4M6A6ET0,1,-14.95,USD,Not Applicable,Not Applicable,Not Applicable,Price Amount,Promotion
A82LE7TPDIM0PGDU9A5HJUGBQ92IQ8QCM11IA8CGEDR3MKVJ5V40,GM1A34IM4LQ5VN2647VBLUU1947MGJBFJDGN855IHS2P4M6A6ET0,1,0.0,USD,Not Applicable,Not Applicable,Not Applicable,Tax,Not Applicable
A82LE7TPDIM0PGDU9A5HJUGBQ92IQ8QCM11IA8CGEDR3MKVJ5V40,GM1A34IM4LQ5VN2647VBLUU1947MGJBFJDGN855IHS2P4M6A6ET0,1,0.0,USD,Not Applicable,Not Applicable,Not Applicable,Tax,Promotion
R1DIQLALN894PVDCO1C63J60VE6HLJM855EEC0BU473G3MP0FM5G,1JGH36S9E7REI8OKMTNDF7L15DQO6BRTFU51H4EFDL7BPVPPGCJG,1,1.23,USD,Not Applicable,Not Applicable,Not Applicable,Tax,Not Applicable
R1DIQLALN894PVDCO1C63J60VE6HLJM855EEC0BU473G3MP0FM5G,1JGH36S9E7REI8OKMTNDF7L15DQO6BRTFU51H4EFDL7BPVPPGCJG,1,14.95,USD,Not Applicable,Not Applicable,Not Applicable,Price Amount,Not Applicable
6U3SBB9F0O0TTGVQF277MKVN5IC6078DQHL83DKQ0QL9DGTJSGP0,H184LPN6S4TQCCH3F05DO1S5LUKEJ8UL3APHEB435GO8OGD91FCG,1,0.0,USD,Not Applicable,Not Applicable,Not Applicable,Tax,Not Applicable
6U3SBB9F0O0TTGVQF277MKVN5IC6078DQHL83DKQ0QL9DGTJSGP0,H184LPN6S4TQCCH3F05DO1S5LUKEJ8UL3APHEB435GO8OGD91FCG,1,0.0,USD,Not Applicable,Not Applicable,Not Applicable,Tax,Promotion
6U3SBB9F0O0TTGVQF277MKVN5IC6078DQHL83DKQ0QL9DGTJSGP0,H184LPN6S4TQCCH3F05DO1S5LUKEJ8UL3APHEB435GO8OGD91FCG,1,-14.95,USD,Not Applicable,Not Applicable,Not Applicable,Price Amount,Promotion
6U3SBB9F0O0TTGVQF277MKVN5IC6078DQHL83DKQ0QL9DGTJSGP0,H184LPN6S4TQCCH3F05DO1S5LUKEJ8UL3APHEB435GO8OGD91FCG,1,14.95,USD,Not Applicable,Not Applicable,Not Applicable,Price Amount,Not Applicable
M3RLJLDVCEFVR9JTE9540P5EPQJO60VHLBEGETDV6C7B9FFV46I0,B6OEJMUROHOI481M0SF6EGLDVCDN9EM2QQG8O4ACINE60MASRJ4G,1,1.23,USD,Not Applicable,Not Applicable,Not Applicable,Tax,Not Applicable
M3RLJLDVCEFVR9JTE9540P5EPQJO60VHLBEGETDV6C7B9FFV46I0,B6OEJMUROHOI481M0SF6EGLDVCDN9EM2QQG8O4ACINE60MASRJ4G,1,14.95,USD,Not Applicable,Not Applicable,Not Applicable,Price Amount,Not Applicable
IOPD990KCBFEHTDITVPLTRVODMD9NPH4KQ8NL314H1OAD4UQPCMG,GKL71PN6Q30LSHT0I2JH6SP7988KQE3NJ276FEMJ9GSVT7N153P0,1,14.95,USD,Not Applicable,Not Applicable,Not Applicable,Price Amount,Not Applicable
IOPD990KCBFEHTDITVPLTRVODMD9NPH4KQ8NL314H1OAD4UQPCMG,GKL71PN6Q30LSHT0I2JH6SP7988KQE3NJ276FEMJ9GSVT7N153P0,1,1.23,USD,Not Applicable,Not Applicable,Not Applicable,Tax,Not Applicable
AKDK6EGT9502I80PO73B869G1VDOEKS34II8MIPHSRIOUHTUS05G,NAV27B680M0HK6UV4JT3P5LPR4KE3T7BU6GQQAA5VV9PTLU1HB00,1,1.23,USD,Not Applicable,Not Applicable,Not Applicable,Tax,Not Applicable
AKDK6EGT9502I80PO73B869G1VDOEKS34II8MIPHSRIOUHTUS05G,NAV27B680M0HK6UV4JT3P5LPR4KE3T7BU6GQQAA5VV9PTLU1HB00,1,14.95,USD,Not Applicable,Not Applicable,Not Applicable,Price Amount,Not Applicable
ISJA90KUGR2L5FQVIN7E0OOOTK6SQBSSGVGM35KID3I769VLL6V0,TNI4AV7VFNVO559B5102ODMNQV8N4J6RUA2M859SCE9OII5DLBDG,1,-24.95,USD,Not Applicable,Not Applicable,Not Applicable,Price Amount,Promotion
ISJA90KUGR2L5FQVIN7E0OOOTK6SQBSSGVGM35KID3I769VLL6V0,TNI4AV7VFNVO559B5102ODMNQV8N4J6RUA2M859SCE9OII5DLBDG,1,0.0,USD,Not Applicable,Not Applicable,Not Applicable,Tax,Not Applicable
ISJA90KUGR2L5FQVIN7E0OOOTK6SQBSSGVGM35KID3I769VLL6V0,TNI4AV7VFNVO559B5102ODMNQV8N4J6RUA2M859SCE9OII5DLBDG,1,0.0,USD,Not Applicable,Not Applicable,Not Applicable,Tax,Promotion
ISJA90KUGR2L5FQVIN7E0OOOTK6SQBSSGVGM35KID3I769VLL6V0,TNI4AV7VFNVO559B5102ODMNQV8N4J6RUA2M859SCE9OII5DLBDG,1,24.95,USD,Not Applicable,Not Applicable,Not Applicable,Price Amount,Not Applicable
G6RCDPSLK47TJC8NQLSRLA6M6LBOBVVQ7NECRPRTINMQCAJRFBNG,Q5CV8QJKK5OQ2PK42E23OROS2DPK9CLKTUUEBU9UJBO6TF2G4E6G,1,14.95,USD,Not Applicable,Not Applicable,Not Applicable,Price Amount,Not Applicable
G6RCDPSLK47TJC8NQLSRLA6M6LBOBVVQ7NECRPRTINMQCAJRFBNG,Q5CV8QJKK5OQ2PK42E23OROS2DPK9CLKTUUEBU9UJBO6TF2G4E6G,1,0.0,USD,Not Applicable,Not Applicable,Not Applicable,Tax,Promotion
G6RCDPSLK47TJC8NQLSRLA6M6LBOBVVQ7NECRPRTINMQCAJRFBNG,Q5CV8QJKK5OQ2PK42E23OROS2DPK9CLKTUUEBU9UJBO6TF2G4E6G,1,-14.95,USD,Not Applicable,Not Applicable,Not Applicable,Price Amount,Promotion
G6RCDPSLK47TJC8NQLSRLA6M6LBOBVVQ7NECRPRTINMQCAJRFBNG,Q5CV8QJKK5OQ2PK42E23OROS2DPK9CLKTUUEBU9UJBO6TF2G4E6G,1,0.0,USD,Not Applicable,Not Applicable,Not Applicable,Tax,Not Applicable
3BI4JH0LC0C6TI76M57GKQ2AT7QEF0RRHQSRF7KI6NVL7BTH4D2G,N1HT1DH62SLP9RGN75JT4996H68A0B6DUPPL97FA1DRE4MO7O560,1,Not Applicable,Not Applicable,Not Applicable,Not Applicable,Not Applicable,Not Applicable,Not Applicable
SSMHE6L85AURFFBPP9A6D0MNMD37JNV186V3VBGM8B3QEQC6EUE0,P6PSTOLL2PQI2LNP0LL1SUSC3B5CPUMF2E8B9UAJGVUUIPLINEJG,1,-24.25,USD,Not Applicable,Not Applicable,Not Applicable,Price Amount,Promotion
SSMHE6L85AURFFBPP9A6D0MNMD37JNV186V3VBGM8B3QEQC6EUE0,P6PSTOLL2PQI2LNP0LL1SUSC3B5CPUMF2E8B9UAJGVUUIPLINEJG,1,0.0,USD,Not Applicable,Not Applicable,Not Applicable,Tax,Promotion
SSMHE6L85AURFFBPP9A6D0MNMD37JNV186V3VBGM8B3QEQC6EUE0,P6PSTOLL2PQI2LNP0LL1SUSC3B5CPUMF2E8B9UAJGVUUIPLINEJG,1,24.25,USD,Not Applicable,Not Applicable,Not Applicable,Price Amount,Not Applicable
SSMHE6L85AURFFBPP9A6D0MNMD37JNV186V3VBGM8B3QEQC6EUE0,P6PSTOLL2PQI2LNP0LL1SUSC3B5CPUMF2E8B9UAJGVUUIPLINEJG,1,0.0,USD,Not Applicable,Not Applicable,Not Applicable,Tax,Not Applicable
MII5F8V6BPMRLKEPTCETGVMQB9JS327Q6JE9NKBOJV75O0UMSO80,P6B5C8DON16EK2T3JJD1MJDU05SNOG7B1KSJVVCDEQ4CQGQCH9I0,1,0.0,USD,Not Applicable,Not Applicable,Not Applicable,Tax,Promotion
MII5F8V6BPMRLKEPTCETGVMQB9JS327Q6JE9NKBOJV75O0UMSO80,P6B5C8DON16EK2T3JJD1MJDU05SNOG7B1KSJVVCDEQ4CQGQCH9I0,1,-24.95,USD,Not Applicable,Not Applicable,Not Applicable,Price Amount,Promotion
MII5F8V6BPMRLKEPTCETGVMQB9JS327Q6JE9NKBOJV75O0UMSO80,P6B5C8DON16EK2T3JJD1MJDU05SNOG7B1KSJVVCDEQ4CQGQCH9I0,1,24.95,USD,Not Applicable,Not Applicable,Not Applicable,Price Amount,Not Applicable
MII5F8V6BPMRLKEPTCETGVMQB9JS327Q6JE9NKBOJV75O0UMSO80,P6B5C8DON16EK2T3JJD1MJDU05SNOG7B1KSJVVCDEQ4CQGQCH9I0,1,0.0,USD,Not Applicable,Not Applicable,Not Applicable,Tax,Not Applicable
R4I14II3RN96J99MLL6NV47M998503H0PLLF5IBLJBK4LV0V4U90,6BH56DE57AOPMDF4PL351748F1K2448GNF95HQNESUOJJ394JAV0,1,1.23,USD,Not Applicable,Not Applicable,Not Applicable,Tax,Not Applicable
R4I14II3RN96J99MLL6NV47M998503H0PLLF5IBLJBK4LV0V4U90,6BH56DE57AOPMDF4PL351748F1K2448GNF95HQNESUOJJ394JAV0,1,14.95,USD,Not Applicable,Not Applicable,Not Applicable,Price Amount,Not Applicable
3B35MMBK5JHKI5L5A62AT0NOF413LDBRL57UOF4EDFR497EI2DO0,0IIJCD3I30GB03259TPN8QU14JCNC1IAV9AAUBNJJ33LQOEKQJL0,1,1.23,USD,Not Applicable,Not Applicable,Not Applicable,Tax,Not Applicable
3B35MMBK5JHKI5L5A62AT0NOF413LDBRL57UOF4EDFR497EI2DO0,0IIJCD3I30GB03259TPN8QU14JCNC1IAV9AAUBNJJ33LQOEKQJL0,1,14.95,USD,Not Applicable,Not Applicable,Not Applicable,Price Amount,Not Applicable
PLNENMB9EQCTMSOR843DPTR01VUGLPKK4PEBFL247M0NCK45STQG,T3JAL83RSUDNQJ8UGN0HQ0P7AENUD614SSMHOIU7MLQ8E61G9N0G,1,19.95,USD,Not Applicable,Not Applicable,Not Applicable,Price Amount,Not Applicable
PLNENMB9EQCTMSOR843DPTR01VUGLPKK4PEBFL247M0NCK45STQG,T3JAL83RSUDNQJ8UGN0HQ0P7AENUD614SSMHOIU7MLQ8E61G9N0G,1,-19.95,USD,Not Applicable,Not Applicable,Not Applicable,Price Amount,Promotion
PLNENMB9EQCTMSOR843DPTR01VUGLPKK4PEBFL247M0NCK45STQG,T3JAL83RSUDNQJ8UGN0HQ0P7AENUD614SSMHOIU7MLQ8E61G9N0G,1,0.0,USD,Not Applicable,Not Applicable,Not Applicable,Tax,Not Applicable
PLNENMB9EQCTMSOR843DPTR01VUGLPKK4PEBFL247M0NCK45STQG,T3JAL83RSUDNQJ8UGN0HQ0P7AENUD614SSMHOIU7MLQ8E61G9N0G,1,0.0,USD,Not Applicable,Not Applicable,Not Applicable,Tax,Promotion
FEV2FNTDITVH8ABAF1VE3LF7E92BKPHUU14FFIGF6B0B5HT771D0,FUB7S6A02HJ6FTLREPLEO3CAHU4K920N0PJ4OIJ6PC2RFO9T67I0,1,19.6,USD,Not Applicable,Not Applicable,Not Applicable,Price Amount,Not Applicable
FEV2FNTDITVH8ABAF1VE3LF7E92BKPHUU14FFIGF6B0B5HT771D0,FUB7S6A02HJ6FTLREPLEO3CAHU4K920N0PJ4OIJ6PC2RFO9T67I0,1,-19.6,USD,Not Applicable,Not Applicable,Not Applicable,Price Amount,Promotion
FEV2FNTDITVH8ABAF1VE3LF7E92BKPHUU14FFIGF6B0B5HT771D0,FUB7S6A02HJ6FTLREPLEO3CAHU4K920N0PJ4OIJ6PC2RFO9T67I0,1,0.0,USD,Not Applicable,Not Applicable,Not Applicable,Tax,Not Applicable
FEV2FNTDITVH8ABAF1VE3LF7E92BKPHUU14FFIGF6B0B5HT771D0,FUB7S6A02HJ6FTLREPLEO3CAHU4K920N0PJ4OIJ6PC2RFO9T67I0,1,0.0,USD,Not Applicable,Not Applicable,Not Applicable,Tax,Promotion
1DR837C93A50S7G6QE9LG862FERK9M1MHV29AGIMI2MMATEEEJ7G,HRD2L1NKUMKVS93KEB1HEAEHFBGPJH3P74QUOFS7O9F8LH122F0G,1,0.0,USD,Not Applicable,Not Applicable,Not Applicable,Tax,Promotion
1DR837C93A50S7G6QE9LG862FERK9M1MHV29AGIMI2MMATEEEJ7G,HRD2L1NKUMKVS93KEB1HEAEHFBGPJH3P74QUOFS7O9F8LH122F0G,1,-22.46,USD,Not Applicable,Not Applicable,Not Applicable,Price Amount,Promotion
1DR837C93A50S7G6QE9LG862FERK9M1MHV29AGIMI2MMATEEEJ7G,HRD2L1NKUMKVS93KEB1HEAEHFBGPJH3P74QUOFS7O9F8LH122F0G,1,0.0,USD,Not Applicable,Not Applicable,Not Applicable,Tax,Not Applicable
1DR837C93A50S7G6QE9LG862FERK9M1MHV29AGIMI2MMATEEEJ7G,HRD2L1NKUMKVS93KEB1HEAEHFBGPJH3P74QUOFS7O9F8LH122F0G,1,22.46,USD,Not Applicable,Not Applicable,Not Applicable,Price Amount,Not Applicable
F553KJH0CMBJRE47IEIQVSIBGJVU3R1R0BF3COH4AVCFC5JI6UE0,MN06MRQOM66QRGUJ63H88A3O1NJUTDIGUHTPGSTE8OT5HHJGL7P0,1,35.88,USD,Not Applicable,Not Applicable,Not Applicable,Price Amount,Not Applicable
F553KJH0CMBJRE47IEIQVSIBGJVU3R1R0BF3COH4AVCFC5JI6UE0,MN06MRQOM66QRGUJ63H88A3O1NJUTDIGUHTPGSTE8OT5HHJGL7P0,1,2.96,USD,Not Applicable,Not Applicable,Not Applicable,Tax,Not Applicable
TMM4OM44I2AQUHQBR796NGNB8TTI1M3MHJIOOTGMMODB3M5K98K0,QBOE1QV62B547VV8A1CB7O5ULMK2M6N3C2DRN7MRIUUNP15BVL10,1,24.95,USD,Not Applicable,Not Applicable,Not Applicable,Price Amount,Not Applicable
TMM4OM44I2AQUHQBR796NGNB8TTI1M3MHJIOOTGMMODB3M5K98K0,QBOE1QV62B547VV8A1CB7O5ULMK2M6N3C2DRN7MRIUUNP15BVL10,1,0.0,USD,Not Applicable,Not Applicable,Not Applicable,Tax,Promotion
TMM4OM44I2AQUHQBR796NGNB8TTI1M3MHJIOOTGMMODB3M5K98K0,QBOE1QV62B547VV8A1CB7O5ULMK2M6N3C2DRN7MRIUUNP15BVL10,1,-24.95,USD,Not Applicable,Not Applicable,Not Applicable,Price Amount,Promotion
TMM4OM44I2AQUHQBR796NGNB8TTI1M3MHJIOOTGMMODB3M5K98K0,QBOE1QV62B547VV8A1CB7O5ULMK2M6N3C2DRN7MRIUUNP15BVL10,1,0.0,USD,Not Applicable,Not Applicable,Not Applicable,Tax,Not Applicable
ICU2IVKAAHOP8OUD1KLQQ5DM7STAGTL8H5SB0NR3S7A6NFUEU8TG,CURA411C6360B6UC024UQGN6459I3R0S03NVDV5HM6EBTPGONAP0,1,-24.95,USD,Not Applicable,Not Applicable,Not Applicable,Price Amount,Promotion
ICU2IVKAAHOP8OUD1KLQQ5DM7STAGTL8H5SB0NR3S7A6NFUEU8TG,CURA411C6360B6UC024UQGN6459I3R0S03NVDV5HM6EBTPGONAP0,1,0.0,USD,Not Applicable,Not Applicable,Not Applicable,Tax,Promotion
ICU2IVKAAHOP8OUD1KLQQ5DM7STAGTL8H5SB0NR3S7A6NFUEU8TG,CURA411C6360B6UC024UQGN6459I3R0S03NVDV5HM6EBTPGONAP0,1,24.95,USD,Not Applicable,Not Applicable,Not Applicable,Price Amount,Not Applicable
ICU2IVKAAHOP8OUD1KLQQ5DM7STAGTL8H5SB0NR3S7A6NFUEU8TG,CURA411C6360B6UC024UQGN6459I3R0S03NVDV5HM6EBTPGONAP0,1,0.0,USD,Not Applicable,Not Applicable,Not Applicable,Tax,Not Applicable
D1FA5K19P1ISEK3LSSHEMC4ADSAS3P4D90TNHD693LHNND3F61R0,NUG71AQS6G38RDO7MQDONQ6DL2DSAGP20U75PATDBA3L7B73TMD0,1,1.23,USD,Not Applicable,Not Applicable,Not Applicable,Tax,Not Applicable
D1FA5K19P1ISEK3LSSHEMC4ADSAS3P4D90TNHD693LHNND3F61R0,NUG71AQS6G38RDO7MQDONQ6DL2DSAGP20U75PATDBA3L7B73TMD0,1,14.95,USD,Not Applicable,Not Applicable,Not Applicable,Price Amount,Not Applicable
AJR9GKK80ET9909B7OI4FAQPSFVHT1MIL7I94NNKPE170QVDIP5G,VFCLQT14O3232U2F89LRJ0KNOTJNKLAMUPBONI60TM26S4ROLMJG,1,0.0,USD,Not Applicable,Not Applicable,Not Applicable,Tax,Not Applicable
AJR9GKK80ET9909B7OI4FAQPSFVHT1MIL7I94NNKPE170QVDIP5G,VFCLQT14O3232U2F89LRJ0KNOTJNKLAMUPBONI60TM26S4ROLMJG,1,0.0,USD,Not Applicable,Not Applicable,Not Applicable,Tax,Promotion
AJR9GKK80ET9909B7OI4FAQPSFVHT1MIL7I94NNKPE170QVDIP5G,VFCLQT14O3232U2F89LRJ0KNOTJNKLAMUPBONI60TM26S4ROLMJG,1,-24.95,USD,Not Applicable,Not Applicable,Not Applicable,Price Amount,Promotion
AJR9GKK80ET9909B7OI4FAQPSFVHT1MIL7I94NNKPE170QVDIP5G,VFCLQT14O3232U2F89LRJ0KNOTJNKLAMUPBONI60TM26S4ROLMJG,1,24.95,USD,Not Applicable,Not Applicable,Not Applicable,Price Amount,Not Applicable
0U7DS0U6NF9EPR9PQKPK9FVME7GEU1E0T5DE89CFTK7I5L35JVRG,NMC1TULA16VSJFBEHH4N8Q8BNFPDB7URKUHCELP3QTTPLQTU7TMG,1,1.23,USD,Not Applicable,Not Applicable,Not Applicable,Tax,Not Applicable
0U7DS0U6NF9EPR9PQKPK9FVME7GEU1E0T5DE89CFTK7I5L35JVRG,NMC1TULA16VSJFBEHH4N8Q8BNFPDB7URKUHCELP3QTTPLQTU7TMG,1,14.95,USD,Not Applicable,Not Applicable,Not Applicable,Price Amount,Not Applicable
8QGCRQLCE7S0CD92Q3532MK8UKJ01EA4GL527N7I1VER848NKQG0,5S8B0U8O9OHBBIVOIB84ARRV5QHRA512CJ0VPQFJCTNF1O6SDDT0,1,0.0,USD,Not Applicable,Not Applicable,Not Applicable,Tax,Promotion
8QGCRQLCE7S0CD92Q3532MK8UKJ01EA4GL527N7I1VER848NKQG0,5S8B0U8O9OHBBIVOIB84ARRV5QHRA512CJ0VPQFJCTNF1O6SDDT0,1,-24.95,USD,Not Applicable,Not Applicable,Not Applicable,Price Amount,Promotion
8QGCRQLCE7S0CD92Q3532MK8UKJ01EA4GL527N7I1VER848NKQG0,5S8B0U8O9OHBBIVOIB84ARRV5QHRA512CJ0VPQFJCTNF1O6SDDT0,1,0.0,USD,Not Applicable,Not Applicable,Not Applicable,Tax,Not Applicable
8QGCRQLCE7S0CD92Q3532MK8UKJ01EA4GL527N7I1VER848NKQG0,5S8B0U8O9OHBBIVOIB84ARRV5QHRA512CJ0VPQFJCTNF1O6SDDT0,1,24.95,USD,Not Applicable,Not Applicable,Not Applicable,Price Amount,Not Applicable
R1BA9PP3MDG7FQQGFO277N3TSOK0KTCA84F3SISBSO5LI6SBJ0H0,TJ9P9QFG63LAC8UMV1PRIHIHOFL203E4RO6AO5G1S4SCF3DRUJD0,1,0.0,USD,Not Applicable,Not Applicable,Not Applicable,Tax,Not Applicable
R1BA9PP3MDG7FQQGFO277N3TSOK0KTCA84F3SISBSO5LI6SBJ0H0,TJ9P9QFG63LAC8UMV1PRIHIHOFL203E4RO6AO5G1S4SCF3DRUJD0,1,0.0,USD,Not Applicable,Not Applicable,Not Applicable,Tax,Promotion
R1BA9PP3MDG7FQQGFO277N3TSOK0KTCA84F3SISBSO5LI6SBJ0H0,TJ9P9QFG63LAC8UMV1PRIHIHOFL203E4RO6AO5G1S4SCF3DRUJD0,1,19.95,USD,Not Applicable,Not Applicable,Not Applicable,Price Amount,Not Applicable
R1BA9PP3MDG7FQQGFO277N3TSOK0KTCA84F3SISBSO5LI6SBJ0H0,TJ9P9QFG63LAC8UMV1PRIHIHOFL203E4RO6AO5G1S4SCF3DRUJD0,1,-19.95,USD,Not Applicable,Not Applicable,Not Applicable,Price Amount,Promotion
JH1AP5U6HB5SLF4V3MBC83D57G3GNRJQO5FDGPU5IC5R1P27LFI0,5Q5S3K58D1V4TQIA28P0N8N9C6PHT0RCKNGEQPM5KC2QTLCH2N30,1,2.96,USD,Not Applicable,Not Applicable,Not Applicable,Tax,Not Applicable
JH1AP5U6HB5SLF4V3MBC83D57G3GNRJQO5FDGPU5IC5R1P27LFI0,5Q5S3K58D1V4TQIA28P0N8N9C6PHT0RCKNGEQPM5KC2QTLCH2N30,1,35.88,USD,Not Applicable,Not Applicable,Not Applicable,Price Amount,Not Applicable
O69EV9OANF9U90PCVETECQ7V2SQB6DRDSOOP42AP2UGRT0KEFPI0,7D6HA0NB5EMNHUPO5CGLJGEIU2LQOQ2V3AGDLJER9LG2F7IFEOGG,1,-19.95,USD,Not Applicable,Not Applicable,Not Applicable,Price Amount,Promotion
O69EV9OANF9U90PCVETECQ7V2SQB6DRDSOOP42AP2UGRT0KEFPI0,7D6HA0NB5EMNHUPO5CGLJGEIU2LQOQ2V3AGDLJER9LG2F7IFEOGG,1,19.95,USD,Not Applicable,Not Applicable,Not Applicable,Price Amount,Not Applicable
O69EV9OANF9U90PCVETECQ7V2SQB6DRDSOOP42AP2UGRT0KEFPI0,7D6HA0NB5EMNHUPO5CGLJGEIU2LQOQ2V3AGDLJER9LG2F7IFEOGG,1,0.0,USD,Not Applicable,Not Applicable,Not Applicable,Tax,Promotion
O69EV9OANF9U90PCVETECQ7V2SQB6DRDSOOP42AP2UGRT0KEFPI0,7D6HA0NB5EMNHUPO5CGLJGEIU2LQOQ2V3AGDLJER9LG2F7IFEOGG,1,0.0,USD,Not Applicable,Not Applicable,Not Applicable,Tax,Not Applicable
GUAPQOCJ8FMLR9A0GDSLPKV0JAGPL5B00J277OF50TE1VINK4SHG,B44FR77UOFS9NE025GG0CAD1220BGAVPLDJB1AJAAK5P446BI0H0,1,14.95,USD,Not Applicable,Not Applicable,Not Applicable,Price Amount,Not Applicable
GUAPQOCJ8FMLR9A0GDSLPKV0JAGPL5B00J277OF50TE1VINK4SHG,B44FR77UOFS9NE025GG0CAD1220BGAVPLDJB1AJAAK5P446BI0H0,1,1.23,USD,Not Applicable,Not Applicable,Not Applicable,Tax,Not Applicable
S8QCDKJ12HPUVTIADF28MTHJUG3A5BDTKPLG5N46M534CTNNPGI0,VBOO10F43F5TUBSHDLH9NL02M1S1P0R82OU8RRKKT229E88619EG,1,0.0,USD,Not Applicable,Not Applicable,Not Applicable,Tax,Promotion
S8QCDKJ12HPUVTIADF28MTHJUG3A5BDTKPLG5N46M534CTNNPGI0,VBOO10F43F5TUBSHDLH9NL02M1S1P0R82OU8RRKKT229E88619EG,1,0.0,USD,Not Applicable,Not Applicable,Not Applicable,Tax,Not Applicable
S8QCDKJ12HPUVTIADF28MTHJUG3A5BDTKPLG5N46M534CTNNPGI0,VBOO10F43F5TUBSHDLH9NL02M1S1P0R82OU8RRKKT229E88619EG,1,-24.95,USD,Not Applicable,Not Applicable,Not Applicable,Price Amount,Promotion
S8QCDKJ12HPUVTIADF28MTHJUG3A5BDTKPLG5N46M534CTNNPGI0,VBOO10F43F5TUBSHDLH9NL02M1S1P0R82OU8RRKKT229E88619EG,1,24.95,USD,Not Applicable,Not Applicable,Not Applicable,Price Amount,Not Applicable
K3V2D3NP7B92CERTIALLR3QKKNJ6K5MJ6OM2HKGN5JLHTBOS9JT0,V1PV4D0HALCOMLPB3AS4TPCOA98HEQIG3SKI3D43L2GTDH55OFGG,1,14.95,USD,Not Applicable,Not Applicable,Not Applicable,Price Amount,Not Applicable
K3V2D3NP7B92CERTIALLR3QKKNJ6K5MJ6OM2HKGN5JLHTBOS9JT0,V1PV4D0HALCOMLPB3AS4TPCOA98HEQIG3SKI3D43L2GTDH55OFGG,1,1.23,USD,Not Applicable,Not Applicable,Not Applicable,Tax,Not Applicable
QIH27G32J71DM0D3TJL02KQLFDQ0VEHTCPE3K20O7STCRCP4M15G,NLF95E7F65FFCI3RS8M1IR4VS1BB3J2TTB807ILLNGA56AV7EGB0,1,1.23,USD,Not Applicable,Not Applicable,Not Applicable,Tax,Not Applicable
QIH27G32J71DM0D3TJL02KQLFDQ0VEHTCPE3K20O7STCRCP4M15G,NLF95E7F65FFCI3RS8M1IR4VS1BB3J2TTB807ILLNGA56AV7EGB0,1,14.95,USD,Not Applicable,Not Applicable,Not Applicable,Price Amount,Not Applicable
OMQSQKCCPI39VDDG6EJ0L5HQA4L6AOH6D4CQ5B194LD18R4QK29G,0PJ2SGSIT5FS6BGKF6NEV04IP7SKG5UEH2MM4MR5TFH45JHTIDKG,1,17.0,USD,Not Applicable,Not Applicable,Not Applicable,Price Amount,Not Applicable
OMQSQKCCPI39VDDG6EJ0L5HQA4L6AOH6D4CQ5B194LD18R4QK29G,0PJ2SGSIT5FS6BGKF6NEV04IP7SKG5UEH2MM4MR5TFH45JHTIDKG,1,-17.0,USD,Not Applicable,Not Applicable,Not Applicable,Price Amount,Promotion
OMQSQKCCPI39VDDG6EJ0L5HQA4L6AOH6D4CQ5B194LD18R4QK29G,0PJ2SGSIT5FS6BGKF6NEV04IP7SKG5UEH2MM4MR5TFH45JHTIDKG,1,0.0,USD,Not Applicable,Not Applicable,Not Applicable,Tax,Promotion
OMQSQKCCPI39VDDG6EJ0L5HQA4L6AOH6D4CQ5B194LD18R4QK29G,0PJ2SGSIT5FS6BGKF6NEV04IP7SKG5UEH2MM4MR5TFH45JHTIDKG,1,0.0,USD,Not Applicable,Not Applicable,Not Applicable,Tax,Not Applicable
MSSH1E71LQ3CE6SKA0ED37FF51VMU49KSP29V2SQRHIC3LEB4GD0,NEQAI7U1B4DVBILIT7MHH0PRIFAL0B3DTAMR8LIM6RFFLHUEICF0,1,0.0,USD,Not Applicable,Not Applicable,Not Applicable,Tax,Promotion
MSSH1E71LQ3CE6SKA0ED37FF51VMU49KSP29V2SQRHIC3LEB4GD0,NEQAI7U1B4DVBILIT7MHH0PRIFAL0B3DTAMR8LIM6RFFLHUEICF0,1,0.0,USD,Not Applicable,Not Applicable,Not Applicable,Tax,Not Applicable
MSSH1E71LQ3CE6SKA0ED37FF51VMU49KSP29V2SQRHIC3LEB4GD0,NEQAI7U1B4DVBILIT7MHH0PRIFAL0B3DTAMR8LIM6RFFLHUEICF0,1,6.95,USD,Not Applicable,Not Applicable,Not Applicable,Price Amount,Not Applicable
MSSH1E71LQ3CE6SKA0ED37FF51VMU49KSP29V2SQRHIC3LEB4GD0,NEQAI7U1B4DVBILIT7MHH0PRIFAL0B3DTAMR8LIM6RFFLHUEICF0,1,-6.95,USD,Not Applicable,Not Applicable,Not Applicable,Price Amount,Promotion
SRPJGJDDGUQVL4RFJUI384KSB01R8TDAPG8E1R7O72VTAT4ACF10,A5K83EAH69VHTCI48P0AAPV6GT8H3BN0AJ8QIHFTQ2RLL2E1UDC0,1,14.95,USD,Not Applicable,Not Applicable,Not Applicable,Price Amount,Not Applicable
SRPJGJDDGUQVL4RFJUI384KSB01R8TDAPG8E1R7O72VTAT4ACF10,A5K83EAH69VHTCI48P0AAPV6GT8H3BN0AJ8QIHFTQ2RLL2E1UDC0,1,1.23,USD,Not Applicable,Not Applicable,Not Applicable,Tax,Not Applicable
4S79BCJ5MNME71UITFK76ENHEBD35OUS2K25NS7N6J4MM0I0P140,6LLVA6F7RVLVOV4D03HR203PJU0PJBDAFD2OS9KSEU3UBV8NCTM0,1,-16.99,USD,Not Applicable,Not Applicable,Not Applicable,Price Amount,Promotion
4S79BCJ5MNME71UITFK76ENHEBD35OUS2K25NS7N6J4MM0I0P140,6LLVA6F7RVLVOV4D03HR203PJU0PJBDAFD2OS9KSEU3UBV8NCTM0,1,0.0,USD,Not Applicable,Not Applicable,Not Applicable,Tax,Promotion
4S79BCJ5MNME71UITFK76ENHEBD35OUS2K25NS7N6J4MM0I0P140,6LLVA6F7RVLVOV4D03HR203PJU0PJBDAFD2OS9KSEU3UBV8NCTM0,1,0.0,USD,Not Applicable,Not Applicable,Not Applicable,Tax,Not Applicable
4S79BCJ5MNME71UITFK76ENHEBD35OUS2K25NS7N6J4MM0I0P140,6LLVA6F7RVLVOV4D03HR203PJU0PJBDAFD2OS9KSEU3UBV8NCTM0,1,16.99,USD,Not Applicable,Not Applicable,Not Applicable,Price Amount,Not Applicable
JVKO486V2IJIU45EOPB7665LIIFPBUB9E3CTH9KHMSU27CQHE4O0,5M1F3ONGJLF0ROIB0N53FRMOJAOOK2L5B4192OSB6BM7JLG8V8O0,1,1.23,USD,Not Applicable,Not Applicable,Not Applicable,Tax,Not Applicable
JVKO486V2IJIU45EOPB7665LIIFPBUB9E3CTH9KHMSU27CQHE4O0,5M1F3ONGJLF0ROIB0N53FRMOJAOOK2L5B4192OSB6BM7JLG8V8O0,1,14.95,USD,Not Applicable,Not Applicable,Not Applicable,Price Amount,Not Applicable
TU87V78FTTBV2RAEH7JB9JLS9VLLRJSEQBO94J235NNLO8CQ77BG,17TFLK3OVCUDSBBHKA3HJ4CTOOR454ITIPJBFB2DKS0UC9HAG0Q0,1,0.0,USD,Not Applicable,Not Applicable,Not Applicable,Tax,Not Applicable
TU87V78FTTBV2RAEH7JB9JLS9VLLRJSEQBO94J235NNLO8CQ77BG,17TFLK3OVCUDSBBHKA3HJ4CTOOR454ITIPJBFB2DKS0UC9HAG0Q0,1,19.95,USD,Not Applicable,Not Applicable,Not Applicable,Price Amount,Not Applicable
TU87V78FTTBV2RAEH7JB9JLS9VLLRJSEQBO94J235NNLO8CQ77BG,17TFLK3OVCUDSBBHKA3HJ4CTOOR454ITIPJBFB2DKS0UC9HAG0Q0,1,-19.95,USD,Not Applicable,Not Applicable,Not Applicable,Price Amount,Promotion
TU87V78FTTBV2RAEH7JB9JLS9VLLRJSEQBO94J235NNLO8CQ77BG,17TFLK3OVCUDSBBHKA3HJ4CTOOR454ITIPJBFB2DKS0UC9HAG0Q0,1,0.0,USD,Not Applicable,Not Applicable,Not Applicable,Tax,Promotion
3FT18ANIS1TFFDEI5SP1LI5BL4SOV811RH17TCUKBFTCMGAB4K9G,DIUB52QTKSNN3L5475VFR94297E7Q1G2SDCVILRBGRTBP5MLL550,1,2.96,USD,Not Applicable,Not Applicable,Not Applicable,Tax,Not Applicable
3FT18ANIS1TFFDEI5SP1LI5BL4SOV811RH17TCUKBFTCMGAB4K9G,DIUB52QTKSNN3L5475VFR94297E7Q1G2SDCVILRBGRTBP5MLL550,1,35.88,USD,Not Applicable,Not Applicable,Not Applicable,Price Amount,Not Applicable
4KR4HMBTI9A1BU9D9BG9GGMGJ3QCCVEBDAN8MDNMRO8QVH994SBG,2P742FF70EHBGU1LAMAJ5UFH2TS0SLGLB0O102D50VSMIILTKNJ0,1,-16.99,USD,Not Applicable,Not Applicable,Not Applicable,Price Amount,Promotion
4KR4HMBTI9A1BU9D9BG9GGMGJ3QCCVEBDAN8MDNMRO8QVH994SBG,2P742FF70EHBGU1LAMAJ5UFH2TS0SLGLB0O102D50VSMIILTKNJ0,1,0.0,USD,Not Applicable,Not Applicable,Not Applicable,Tax,Not Applicable
4KR4HMBTI9A1BU9D9BG9GGMGJ3QCCVEBDAN8MDNMRO8QVH994SBG,2P742FF70EHBGU1LAMAJ5UFH2TS0SLGLB0O102D50VSMIILTKNJ0,1,0.0,USD,Not Applicable,Not Applicable,Not Applicable,Tax,Promotion
4KR4HMBTI9A1BU9D9BG9GGMGJ3QCCVEBDAN8MDNMRO8QVH994SBG,2P742FF70EHBGU1LAMAJ5UFH2TS0SLGLB0O102D50VSMIILTKNJ0,1,16.99,USD,Not Applicable,Not Applicable,Not Applicable,Price Amount,Not Applicable
UM2QCORPLLHCF5M396JPHK3IH1SN5M4G6NRUV8FTPND403M2R200,H34RNHHVECN15FLM3GHNE5I1UTS641AC2UDFGOF584P8U2N8TPQ0,1,0.0,USD,Not Applicable,Not Applicable,Not Applicable,Tax,Promotion
UM2QCORPLLHCF5M396JPHK3IH1SN5M4G6NRUV8FTPND403M2R200,H34RNHHVECN15FLM3GHNE5I1UTS641AC2UDFGOF584P8U2N8TPQ0,1,-27.99,USD,Not Applicable,Not Applicable,Not Applicable,Price Amount,Promotion
UM2QCORPLLHCF5M396JPHK3IH1SN5M4G6NRUV8FTPND403M2R200,H34RNHHVECN15FLM3GHNE5I1UTS641AC2UDFGOF584P8U2N8TPQ0,1,27.99,USD,Not Applicable,Not Applicable,Not Applicable,Price Amount,Not Applicable
UM2QCORPLLHCF5M396JPHK3IH1SN5M4G6NRUV8FTPND403M2R200,H34RNHHVECN15FLM3GHNE5I1UTS641AC2UDFGOF584P8U2N8TPQ0,1,0.0,USD,Not Applicable,Not Applicable,Not Applicable,Tax,Not Applicable
THUMUIGFPE6BVIRBJHK31E62HLD3C1K5HL53OFN4PB1NL4BPDGS0,QBS9O15QDCC9FFHV0N01530O7EAP6BS8C4SSQUNK0EHA9E27JR50,1,1.23,USD,Not Applicable,Not Applicable,Not Applicable,Tax,Not Applicable
THUMUIGFPE6BVIRBJHK31E62HLD3C1K5HL53OFN4PB1NL4BPDGS0,QBS9O15QDCC9FFHV0N01530O7EAP6BS8C4SSQUNK0EHA9E27JR50,1,14.95,USD,Not Applicable,Not Applicable,Not Applicable,Price Amount,Not Applicable
2QA9O24J3FPUV2BHHA84K35QNLBJ6A0TSGVR4COFAIU1F4Q3LA80,3GHO8KS4CALKLTQBNIQKGONTTKAQOE9PIT55VMH6BOSH0N0P0F90,1,6.95,USD,Not Applicable,Not Applicable,Not Applicable,Price Amount,Not Applicable
2QA9O24J3FPUV2BHHA84K35QNLBJ6A0TSGVR4COFAIU1F4Q3LA80,3GHO8KS4CALKLTQBNIQKGONTTKAQOE9PIT55VMH6BOSH0N0P0F90,1,0.0,USD,Not Applicable,Not Applicable,Not Applicable,Tax,Not Applicable
2QA9O24J3FPUV2BHHA84K35QNLBJ6A0TSGVR4COFAIU1F4Q3LA80,3GHO8KS4CALKLTQBNIQKGONTTKAQOE9PIT55VMH6BOSH0N0P0F90,1,-6.95,USD,Not Applicable,Not Applicable,Not Applicable,Price Amount,Promotion
2QA9O24J3FPUV2BHHA84K35QNLBJ6A0TSGVR4COFAIU1F4Q3LA80,3GHO8KS4CALKLTQBNIQKGONTTKAQOE9PIT55VMH6BOSH0N0P0F90,1,0.0,USD,Not Applicable,Not Applicable,Not Applicable,Tax,Promotion
328V20THF70L9I8K8IF03C8NFC3CMIV39PB6VU1BHVR2DDR9U5LG,MP4PP5O07SNKPVH1DN22O4TPVMGQKRDDS56H7R3P10E5G93H2QA0,1,19.95,USD,Not Applicable,Not Applicable,Not Applicable,Price Amount,Not Applicable
328V20THF70L9I8K8IF03C8NFC3CMIV39PB6VU1BHVR2DDR9U5LG,MP4PP5O07SNKPVH1DN22O4TPVMGQKRDDS56H7R3P10E5G93H2QA0,1,-5.99,USD,Not Applicable,Not Applicable,Not Applicable,Price Amount,Promotion
328V20THF70L9I8K8IF03C8NFC3CMIV39PB6VU1BHVR2DDR9U5LG,MP4PP5O07SNKPVH1DN22O4TPVMGQKRDDS56H7R3P10E5G93H2QA0,1,1.15,USD,Not Applicable,Not Applicable,Not Applicable,Tax,Not Applicable
328V20THF70L9I8K8IF03C8NFC3CMIV39PB6VU1BHVR2DDR9U5LG,MP4PP5O07SNKPVH1DN22O4TPVMGQKRDDS56H7R3P10E5G93H2QA0,1,0.0,USD,Not Applicable,Not Applicable,Not Applicable,Tax,Promotion
DV50V9R5PIAMDERMN3PRRT10AU2B2IIA3OTGLCBML74SN0R34OT0,86OLHK0OBLM67KR3UQTL8II5PRB8DOQITU381M1S8SHN44DDL9T0,1,35.88,USD,Not Applicable,Not Applicable,Not Applicable,Price Amount,Not Applicable
DV50V9R5PIAMDERMN3PRRT10AU2B2IIA3OTGLCBML74SN0R34OT0,86OLHK0OBLM67KR3UQTL8II5PRB8DOQITU381M1S8SHN44DDL9T0,1,2.96,USD,Not Applicable,Not Applicable,Not Applicable,Tax,Not Applicable
05POJNADOKMHAF3OK9B3V3RTGGPVIBIPLETMMPQTRDGKVQSGV8K0,LF8BVIKI533K5J7R2ORICDJ929MTP1CLV3NIOEABRAR3OE80R08G,1,-14.99,USD,Not Applicable,Not Applicable,Not Applicable,Price Amount,Promotion
05POJNADOKMHAF3OK9B3V3RTGGPVIBIPLETMMPQTRDGKVQSGV8K0,LF8BVIKI533K5J7R2ORICDJ929MTP1CLV3NIOEABRAR3OE80R08G,1,0.0,USD,Not Applicable,Not Applicable,Not Applicable,Tax,Promotion
05POJNADOKMHAF3OK9B3V3RTGGPVIBIPLETMMPQTRDGKVQSGV8K0,LF8BVIKI533K5J7R2ORICDJ929MTP1CLV3NIOEABRAR3OE80R08G,1,14.99,USD,Not Applicable,Not Applicable,Not Applicable,Price Amount,Not Applicable
05POJNADOKMHAF3OK9B3V3RTGGPVIBIPLETMMPQTRDGKVQSGV8K0,LF8BVIKI533K5J7R2ORICDJ929MTP1CLV3NIOEABRAR3OE80R08G,1,0.0,USD,Not Applicable,Not Applicable,Not Applicable,Tax,Not Applicable
JA7GK6S18URVBB1D3BJ5CHC7GBS60UO4GHQ7F8FFTL3SEEE4PMNG,A6VVIDMGBDCLES1HD9RS7PAGJVU6T7Q2SS0TUPLFMRDALDD2FRJG,1,0.0,USD,Not Applicable,Not Applicable,Not Applicable,Tax,Not Applicable
JA7GK6S18URVBB1D3BJ5CHC7GBS60UO4GHQ7F8FFTL3SEEE4PMNG,A6VVIDMGBDCLES1HD9RS7PAGJVU6T7Q2SS0TUPLFMRDALDD2FRJG,1,-19.95,USD,Not Applicable,Not Applicable,Not Applicable,Price Amount,Promotion
JA7GK6S18URVBB1D3BJ5CHC7GBS60UO4GHQ7F8FFTL3SEEE4PMNG,A6VVIDMGBDCLES1HD9RS7PAGJVU6T7Q2SS0TUPLFMRDALDD2FRJG,1,19.95,USD,Not Applicable,Not Applicable,Not Applicable,Price Amount,Not Applicable
JA7GK6S18URVBB1D3BJ5CHC7GBS60UO4GHQ7F8FFTL3SEEE4PMNG,A6VVIDMGBDCLES1HD9RS7PAGJVU6T7Q2SS0TUPLFMRDALDD2FRJG,1,0.0,USD,Not Applicable,Not Applicable,Not Applicable,Tax,Promotion
PLCOTK6DKTVGLEDMO0N7CN8E6OVL6MQ5KJEHA6E7I3V8C03KI6B0,7R9R6EOVDRD1TC7A9I4H4GFH4FMSSI44TCBJ29OFVED99G6IQA7G,1,0.0,USD,Not Applicable,Not Applicable,Not Applicable,Tax,Promotion
PLCOTK6DKTVGLEDMO0N7CN8E6OVL6MQ5KJEHA6E7I3V8C03KI6B0,7R9R6EOVDRD1TC7A9I4H4GFH4FMSSI44TCBJ29OFVED99G6IQA7G,1,0.0,USD,Not Applicable,Not Applicable,Not Applicable,Tax,Not Applicable
PLCOTK6DKTVGLEDMO0N7CN8E6OVL6MQ5KJEHA6E7I3V8C03KI6B0,7R9R6EOVDRD1TC7A9I4H4GFH4FMSSI44TCBJ29OFVED99G6IQA7G,1,6.95,USD,Not Applicable,Not Applicable,Not Applicable,Price Amount,Not Applicable
PLCOTK6DKTVGLEDMO0N7CN8E6OVL6MQ5KJEHA6E7I3V8C03KI6B0,7R9R6EOVDRD1TC7A9I4H4GFH4FMSSI44TCBJ29OFVED99G6IQA7G,1,-6.95,USD,Not Applicable,Not Applicable,Not Applicable,Price Amount,Promotion
60L9CD7JNUHIMA1JK74VGOG77T60DLO4446POABMOIH2DQA70EE0,U9R5DRI25KP5DSKU3F6GRJ9IUUM9J1JAAJB7TTJFRA2U1D8TK6RG,1,14.95,USD,Not Applicable,Not Applicable,Not Applicable,Price Amount,Not Applicable
60L9CD7JNUHIMA1JK74VGOG77T60DLO4446POABMOIH2DQA70EE0,U9R5DRI25KP5DSKU3F6GRJ9IUUM9J1JAAJB7TTJFRA2U1D8TK6RG,1,1.23,USD,Not Applicable,Not Applicable,Not Applicable,Tax,Not Applicable
TGF04SK1L41327F7TI88B8QIVUVSSERKK8317HFGBJL5EAGBFUGG,DU1TEFKO2AMPUSFKBJO28QQM9KIR4TF32KH4G2C5P08PT02Q7TU0,1,-19.95,USD,Not Applicable,Not Applicable,Not Applicable,Price Amount,Promotion
TGF04SK1L41327F7TI88B8QIVUVSSERKK8317HFGBJL5EAGBFUGG,DU1TEFKO2AMPUSFKBJO28QQM9KIR4TF32KH4G2C5P08PT02Q7TU0,1,19.95,USD,Not Applicable,Not Applicable,Not Applicable,Price Amount,Not Applicable
TGF04SK1L41327F7TI88B8QIVUVSSERKK8317HFGBJL5EAGBFUGG,DU1TEFKO2AMPUSFKBJO28QQM9KIR4TF32KH4G2C5P08PT02Q7TU0,1,0.0,USD,Not Applicable,Not Applicable,Not Applicable,Tax,Promotion
TGF04SK1L41327F7TI88B8QIVUVSSERKK8317HFGBJL5EAGBFUGG,DU1TEFKO2AMPUSFKBJO28QQM9KIR4TF32KH4G2C5P08PT02Q7TU0,1,0.0,USD,Not Applicable,Not Applicable,Not Applicable,Tax,Not Applicable
G02IVLG7AP7JTO5QPD1ILBH35ARITLJCJ7HG889NO6RQFVBVCEB0,RONJAOQCHRI8RS41894KOMBBO9PA6R4EM6NUSFPBO6E99DPKD8P0,1,0.0,USD,Not Applicable,Not Applicable,Not Applicable,Tax,Not Applicable
G02IVLG7AP7JTO5QPD1ILBH35ARITLJCJ7HG889NO6RQFVBVCEB0,RONJAOQCHRI8RS41894KOMBBO9PA6R4EM6NUSFPBO6E99DPKD8P0,1,0.0,USD,Not Applicable,Not Applicable,Not Applicable,Tax,Promotion
G02IVLG7AP7JTO5QPD1ILBH35ARITLJCJ7HG889NO6RQFVBVCEB0,RONJAOQCHRI8RS41894KOMBBO9PA6R4EM6NUSFPBO6E99DPKD8P0,1,6.95,USD,Not Applicable,Not Applicable,Not Applicable,Price Amount,Not Applicable
G02IVLG7AP7JTO5QPD1ILBH35ARITLJCJ7HG889NO6RQFVBVCEB0,RONJAOQCHRI8RS41894KOMBBO9PA6R4EM6NUSFPBO6E99DPKD8P0,1,-6.95,USD,Not Applicable,Not Applicable,Not Applicable,Price Amount,Promotion
9A40LU7LGGGUS9OR1K2DT0JQEDSNDDK1H1N5B72QG0D43S34QMK0,0J8RKIEPSHKDIJPEFJ2E90TN20VT0L43MCORL7V383O5VULBMTM0,1,2.96,USD,Not Applicable,Not Applicable,Not Applicable,Tax,Not Applicable
9A40LU7LGGGUS9OR1K2DT0JQEDSNDDK1H1N5B72QG0D43S34QMK0,0J8RKIEPSHKDIJPEFJ2E90TN20VT0L43MCORL7V383O5VULBMTM0,1,35.88,USD,Not Applicable,Not Applicable,Not Applicable,Price Amount,Not Applicable
E98JQ41DE8SHV2HO6NLA0DSSV1HJBFUHLLS2P2T02O0E4I60U6R0,VK27IA17IKD0DM72MU1SUMO46VKVANLNHQFJTG3TMUIDNR40BKGG,1,-28.5,USD,Not Applicable,Not Applicable,Not Applicable,Price Amount,Promotion
E98JQ41DE8SHV2HO6NLA0DSSV1HJBFUHLLS2P2T02O0E4I60U6R0,VK27IA17IKD0DM72MU1SUMO46VKVANLNHQFJTG3TMUIDNR40BKGG,1,0.0,USD,Not Applicable,Not Applicable,Not Applicable,Tax,Not Applicable
E98JQ41DE8SHV2HO6NLA0DSSV1HJBFUHLLS2P2T02O0E4I60U6R0,VK27IA17IKD0DM72MU1SUMO46VKVANLNHQFJTG3TMUIDNR40BKGG,1,28.5,USD,Not Applicable,Not Applicable,Not Applicable,Price Amount,Not Applicable
E98JQ41DE8SHV2HO6NLA0DSSV1HJBFUHLLS2P2T02O0E4I60U6R0,VK27IA17IKD0DM72MU1SUMO46VKVANLNHQFJTG3TMUIDNR40BKGG,1,0.0,USD,Not Applicable,Not Applicable,Not Applicable,Tax,Promotion
RF60LNT7SIHQQ1CECQBDD3VL5025TKRD9SHJF0QH39GIBAUOSEBG,T0OJ2P620O9CQPE7L9VK8040VCO4ND3LKB1BIBJCTHTMNBH6KIPG,1,-19.95,USD,Not Applicable,Not Applicable,Not Applicable,Price Amount,Promotion
RF60LNT7SIHQQ1CECQBDD3VL5025TKRD9SHJF0QH39GIBAUOSEBG,T0OJ2P620O9CQPE7L9VK8040VCO4ND3LKB1BIBJCTHTMNBH6KIPG,1,0.0,USD,Not Applicable,Not Applicable,Not Applicable,Tax,Promotion
RF60LNT7SIHQQ1CECQBDD3VL5025TKRD9SHJF0QH39GIBAUOSEBG,T0OJ2P620O9CQPE7L9VK8040VCO4ND3LKB1BIBJCTHTMNBH6KIPG,1,0.0,USD,Not Applicable,Not Applicable,Not Applicable,Tax,Not Applicable
RF60LNT7SIHQQ1CECQBDD3VL5025TKRD9SHJF0QH39GIBAUOSEBG,T0OJ2P620O9CQPE7L9VK8040VCO4ND3LKB1BIBJCTHTMNBH6KIPG,1,19.95,USD,Not Applicable,Not Applicable,Not Applicable,Price Amount,Not Applicable
OCHF8PQ4J3DPHCPB6GVB05EVNJ13KMA6D4G2I182CMIDAAAOHF7G,II56T9L23ARBABFM7VNFKGJPL8H2L4LN6G6SEVVQ80LMD8N7F5V0,1,14.95,USD,Not Applicable,Not Applicable,Not Applicable,Price Amount,Not Applicable
OCHF8PQ4J3DPHCPB6GVB05EVNJ13KMA6D4G2I182CMIDAAAOHF7G,II56T9L23ARBABFM7VNFKGJPL8H2L4LN6G6SEVVQ80LMD8N7F5V0,1,1.23,USD,Not Applicable,Not Applicable,Not Applicable,Tax,Not Applicable
B2VOLVQTJ659P18I47MN8Q3SUK6K483RJNFVBMTT5GP0AGODNCHG,SRF43AJ37BM1KIGL8ECEF48UJPKKR71G3VBSVKAA3GPPMRF8F21G,1,0.0,USD,Not Applicable,Not Applicable,Not Applicable,Tax,Not Applicable
B2VOLVQTJ659P18I47MN8Q3SUK6K483RJNFVBMTT5GP0AGODNCHG,SRF43AJ37BM1KIGL8ECEF48UJPKKR71G3VBSVKAA3GPPMRF8F21G,1,-14.95,USD,Not Applicable,Not Applicable,Not Applicable,Price Amount,Promotion
B2VOLVQTJ659P18I47MN8Q3SUK6K483RJNFVBMTT5GP0AGODNCHG,SRF43AJ37BM1KIGL8ECEF48UJPKKR71G3VBSVKAA3GPPMRF8F21G,1,14.95,USD,Not Applicable,Not Applicable,Not Applicable,Price Amount,Not Applicable
B2VOLVQTJ659P18I47MN8Q3SUK6K483RJNFVBMTT5GP0AGODNCHG,SRF43AJ37BM1KIGL8ECEF48UJPKKR71G3VBSVKAA3GPPMRF8F21G,1,0.0,USD,Not Applicable,Not Applicable,Not Applicable,Tax,Promotion
PEEEDUJJSURFHBNPUOTVG4DT6L3S9GT89SR6DTHG5CBGC7F6U010,RMRH8I6FKQ82PQ9SU3V7OIPV32D455LG7IPNLHG3EGOP8ADG0SHG,1,14.95,USD,Not Applicable,Not Applicable,Not Applicable,Price Amount,Not Applicable
PEEEDUJJSURFHBNPUOTVG4DT6L3S9GT89SR6DTHG5CBGC7F6U010,RMRH8I6FKQ82PQ9SU3V7OIPV32D455LG7IPNLHG3EGOP8ADG0SHG,1,1.23,USD,Not Applicable,Not Applicable,Not Applicable,Tax,Not Applicable
D08SFRFMCT2LKJRG4L5EC4KGR6JBASA258FRGR45SGUI5A4DDFPG,5G5T9K84KSDCRMOLMLD8K9GGCF2RK6FG1IJNS23IC533NPIE0DB0,1,1.23,USD,Not Applicable,Not Applicable,Not Applicable,Tax,Not Applicable
D08SFRFMCT2LKJRG4L5EC4KGR6JBASA258FRGR45SGUI5A4DDFPG,5G5T9K84KSDCRMOLMLD8K9GGCF2RK6FG1IJNS23IC533NPIE0DB0,1,14.95,USD,Not Applicable,Not Applicable,Not Applicable,Price Amount,Not Applicable
EC8133MRFSLTTMKMR1GC65I1QG7N4MJQJJIBDQM53MOVGQ2CGUNG,LV6TOTQONDCBIH2NRFC4M3RBG7EC47JJVI51I65R9N43I1OBQF80,1,14.95,USD,Not Applicable,Not Applicable,Not Applicable,Price Amount,Not Applicable
EC8133MRFSLTTMKMR1GC65I1QG7N4MJQJJIBDQM53MOVGQ2CGUNG,LV6TOTQONDCBIH2NRFC4M3RBG7EC47JJVI51I65R9N43I1OBQF80,1,1.23,USD,Not Applicable,Not Applicable,Not Applicable,Tax,Not Applicable
HB2U56O0NTNELLGQ3O5Q8JB0EIC16P3S11ILRV3SQEKUMQK2ISP0,99SAP7U34NMMO1H0C0FKJU3DTHHJPF63SSNSJ4NVB7REDOJU5L60,1,35.0,USD,Not Applicable,Not Applicable,Not Applicable,Price Amount,Not Applicable
HB2U56O0NTNELLGQ3O5Q8JB0EIC16P3S11ILRV3SQEKUMQK2ISP0,99SAP7U34NMMO1H0C0FKJU3DTHHJPF63SSNSJ4NVB7REDOJU5L60,1,-35.0,USD,Not Applicable,Not Applicable,Not Applicable,Price Amount,Promotion
HB2U56O0NTNELLGQ3O5Q8JB0EIC16P3S11ILRV3SQEKUMQK2ISP0,99SAP7U34NMMO1H0C0FKJU3DTHHJPF63SSNSJ4NVB7REDOJU5L60,1,0.0,USD,Not Applicable,Not Applicable,Not Applicable,Tax,Not Applicable
HB2U56O0NTNELLGQ3O5Q8JB0EIC16P3S11ILRV3SQEKUMQK2ISP0,99SAP7U34NMMO1H0C0FKJU3DTHHJPF63SSNSJ4NVB7REDOJU5L60,1,0.0,USD,Not Applicable,Not Applicable,Not Applicable,Tax,Promotion
2AVG4P5RRP50Q9P57IHIBR7JOV7TTP4553UFP2FPIFBJ51TLU120,PLU7BT31VLUP5S254UQVRDO3VUEKEN1Q6OUCILD67MHSL1K703EG,1,1.23,USD,Not Applicable,Not Applicable,Not Applicable,Tax,Not Applicable
2AVG4P5RRP50Q9P57IHIBR7JOV7TTP4553UFP2FPIFBJ51TLU120,PLU7BT31VLUP5S254UQVRDO3VUEKEN1Q6OUCILD67MHSL1K703EG,1,14.95,USD,Not Applicable,Not Applicable,Not Applicable,Price Amount,Not Applicable
RC1CLCT1IL363HFPBSJDOVJCGIGO6CRB3V8582EB2C3068ET5450,9JVHI3KVDMIT6CUGKD93LEUVE936BEEN7BS811S1HO15ROE2ADRG,1,24.99,USD,Not Applicable,Not Applicable,Not Applicable,Price Amount,Not Applicable
RC1CLCT1IL363HFPBSJDOVJCGIGO6CRB3V8582EB2C3068ET5450,9JVHI3KVDMIT6CUGKD93LEUVE936BEEN7BS811S1HO15ROE2ADRG,1,0.0,USD,Not Applicable,Not Applicable,Not Applicable,Tax,Promotion
RC1CLCT1IL363HFPBSJDOVJCGIGO6CRB3V8582EB2C3068ET5450,9JVHI3KVDMIT6CUGKD93LEUVE936BEEN7BS811S1HO15ROE2ADRG,1,-24.99,USD,Not Applicable,Not Applicable,Not Applicable,Price Amount,Promotion
RC1CLCT1IL363HFPBSJDOVJCGIGO6CRB3V8582EB2C3068ET5450,9JVHI3KVDMIT6CUGKD93LEUVE936BEEN7BS811S1HO15ROE2ADRG,1,0.0,USD,Not Applicable,Not Applicable,Not Applicable,Tax,Not Applicable
SSM0PU5S20648ALKRG5UBO5QT9UIJVIB0UID11D54T9V34CCG4S0,9JVHI3KVDMIT6CUGKD93LEUVE936BEEN7BS811S1HO15ROE2ADRG,1,12.99,USD,Not Applicable,Not Applicable,Not Applicable,Price Amount,Not Applicable
SSM0PU5S20648ALKRG5UBO5QT9UIJVIB0UID11D54T9V34CCG4S0,9JVHI3KVDMIT6CUGKD93LEUVE936BEEN7BS811S1HO15ROE2ADRG,1,0.0,USD,Not Applicable,Not Applicable,Not Applicable,Tax,Promotion
SSM0PU5S20648ALKRG5UBO5QT9UIJVIB0UID11D54T9V34CCG4S0,9JVHI3KVDMIT6CUGKD93LEUVE936BEEN7BS811S1HO15ROE2ADRG,1,-12.99,USD,Not Applicable,Not Applicable,Not Applicable,Price Amount,Promotion
SSM0PU5S20648ALKRG5UBO5QT9UIJVIB0UID11D54T9V34CCG4S0,9JVHI3KVDMIT6CUGKD93LEUVE936BEEN7BS811S1HO15ROE2ADRG,1,0.0,USD,Not Applicable,Not Applicable,Not Applicable,Tax,Not Applicable
ATI6NFC63A9M5UV9TKQ3PUKOSI8AQ5JR753ILJJNAOMIG7RGPDJ0,9JVHI3KVDMIT6CUGKD93LEUVE936BEEN7BS811S1HO15ROE2ADRG,1,1.23,USD,Not Applicable,Not Applicable,Not Applicable,Tax,Not Applicable
ATI6NFC63A9M5UV9TKQ3PUKOSI8AQ5JR753ILJJNAOMIG7RGPDJ0,9JVHI3KVDMIT6CUGKD93LEUVE936BEEN7BS811S1HO15ROE2ADRG,1,14.95,USD,Not Applicable,Not Applicable,Not Applicable,Price Amount,Not Applicable
22HBSO5EENE718UI8IS397EHTGRRD5JJ16V9CBFLSMOD226ES3RG,57IQR696VT6NQ1JEPCSD1P303O2KIS9T4ABSUNUM87O43EQQL660,1,0.0,USD,Not Applicable,Not Applicable,Not Applicable,Tax,Promotion
22HBSO5EENE718UI8IS397EHTGRRD5JJ16V9CBFLSMOD226ES3RG,57IQR696VT6NQ1JEPCSD1P303O2KIS9T4ABSUNUM87O43EQQL660,1,27.37,USD,Not Applicable,Not Applicable,Not Applicable,Price Amount,Not Applicable
22HBSO5EENE718UI8IS397EHTGRRD5JJ16V9CBFLSMOD226ES3RG,57IQR696VT6NQ1JEPCSD1P303O2KIS9T4ABSUNUM87O43EQQL660,1,-27.37,USD,Not Applicable,Not Applicable,Not Applicable,Price Amount,Promotion
22HBSO5EENE718UI8IS397EHTGRRD5JJ16V9CBFLSMOD226ES3RG,57IQR696VT6NQ1JEPCSD1P303O2KIS9T4ABSUNUM87O43EQQL660,1,0.0,USD,Not Applicable,Not Applicable,Not Applicable,Tax,Not Applicable
DVET8S9HMHM003LCL18MM7LV6H47UGU04RCL84FOHAF0G7RS0CHG,AI9KAGP1HQ2OJM2ND8EGV6IVQCC5K1VC73V66TRSFP51LMP4163G,1,-16.99,USD,Not Applicable,Not Applicable,Not Applicable,Price Amount,Promotion
DVET8S9HMHM003LCL18MM7LV6H47UGU04RCL84FOHAF0G7RS0CHG,AI9KAGP1HQ2OJM2ND8EGV6IVQCC5K1VC73V66TRSFP51LMP4163G,1,0.0,USD,Not Applicable,Not Applicable,Not Applicable,Tax,Promotion
DVET8S9HMHM003LCL18MM7LV6H47UGU04RCL84FOHAF0G7RS0CHG,AI9KAGP1HQ2OJM2ND8EGV6IVQCC5K1VC73V66TRSFP51LMP4163G,1,16.99,USD,Not Applicable,Not Applicable,Not Applicable,Price Amount,Not Applicable
DVET8S9HMHM003LCL18MM7LV6H47UGU04RCL84FOHAF0G7RS0CHG,AI9KAGP1HQ2OJM2ND8EGV6IVQCC5K1VC73V66TRSFP51LMP4163G,1,0.0,USD,Not Applicable,Not Applicable,Not Applicable,Tax,Not Applicable
5LC8IHJLROL416URTH86GGDMQ2B0D968PLK9GL180FORSKLCV9G0,HFCQT2L7RQQBBAIFJH2EL5E9D876A61RQUMF9CLKP1HTM9EF2T70,1,0.0,USD,Not Applicable,Not Applicable,Not Applicable,Price Amount,Not Applicable
5LC8IHJLROL416URTH86GGDMQ2B0D968PLK9GL180FORSKLCV9G0,HFCQT2L7RQQBBAIFJH2EL5E9D876A61RQUMF9CLKP1HTM9EF2T70,1,0.0,USD,Not Applicable,Not Applicable,Not Applicable,Tax,Not Applicable
297RRB9TTLO5R7P3AV7V37MQH43R018AK3QF8VSA2GGT9UVJI860,LI134U054HGNM8E7RG4R7ERS8J35GM2VAJ3L39AOJOLF5PRKANIG,1,0.0,USD,Not Applicable,Not Applicable,Not Applicable,Tax,Not Applicable
297RRB9TTLO5R7P3AV7V37MQH43R018AK3QF8VSA2GGT9UVJI860,LI134U054HGNM8E7RG4R7ERS8J35GM2VAJ3L39AOJOLF5PRKANIG,1,0.0,USD,Not Applicable,Not Applicable,Not Applicable,Price Amount,Not Applicable
F4A73GOAJBO1GAPOKFH2GICM8SVB0IAC0DJD9KIAICLPOFRRK9S0,QE5NH14C3NSNKHKVEIE5BLE6BQOHM610BQPL42CLK9BUSFA8LFJG,1,0.0,USD,Not Applicable,Not Applicable,Not Applicable,Tax,Not Applicable
F4A73GOAJBO1GAPOKFH2GICM8SVB0IAC0DJD9KIAICLPOFRRK9S0,QE5NH14C3NSNKHKVEIE5BLE6BQOHM610BQPL42CLK9BUSFA8LFJG,1,0.0,USD,Not Applicable,Not Applicable,Not Applicable,Price Amount,Not Applicable
BDMN9ACQ1CBSH6EONAD43G1DC1KD30BTAFBMIN7S6EGSG8R2PMM0,95SUQ6OOGBON1G5MFF1R0FF7NKPPLDTP0KOQOGLU77UT1TRR7DT0,1,0.0,USD,Not Applicable,Not Applicable,Not Applicable,Tax,Not Applicable
BDMN9ACQ1CBSH6EONAD43G1DC1KD30BTAFBMIN7S6EGSG8R2PMM0,95SUQ6OOGBON1G5MFF1R0FF7NKPPLDTP0KOQOGLU77UT1TRR7DT0,1,-24.95,USD,Not Applicable,Not Applicable,Not Applicable,Price Amount,Promotion
BDMN9ACQ1CBSH6EONAD43G1DC1KD30BTAFBMIN7S6EGSG8R2PMM0,95SUQ6OOGBON1G5MFF1R0FF7NKPPLDTP0KOQOGLU77UT1TRR7DT0,1,24.95,USD,Not Applicable,Not Applicable,Not Applicable,Price Amount,Not Applicable
BDMN9ACQ1CBSH6EONAD43G1DC1KD30BTAFBMIN7S6EGSG8R2PMM0,95SUQ6OOGBON1G5MFF1R0FF7NKPPLDTP0KOQOGLU77UT1TRR7DT0,1,0.0,USD,Not Applicable,Not Applicable,Not Applicable,Tax,Promotion
DI7K8I3AANGKMJT7ADTGIJL9JU9SFPF4C38DG7LH4HP9R9EKN7DG,APFSO02RQ49HO5N2CDMLUCN7AMSPRVMEGBFAF7ACHFQ3QDAIPK0G,1,0.0,USD,Not Applicable,Not Applicable,Not Applicable,Tax,Not Applicable
DI7K8I3AANGKMJT7ADTGIJL9JU9SFPF4C38DG7LH4HP9R9EKN7DG,APFSO02RQ49HO5N2CDMLUCN7AMSPRVMEGBFAF7ACHFQ3QDAIPK0G,1,0.0,USD,Not Applicable,Not Applicable,Not Applicable,Tax,Promotion
DI7K8I3AANGKMJT7ADTGIJL9JU9SFPF4C38DG7LH4HP9R9EKN7DG,APFSO02RQ49HO5N2CDMLUCN7AMSPRVMEGBFAF7ACHFQ3QDAIPK0G,1,-24.95,USD,Not Applicable,Not Applicable,Not Applicable,Price Amount,Promotion
DI7K8I3AANGKMJT7ADTGIJL9JU9SFPF4C38DG7LH4HP9R9EKN7DG,APFSO02RQ49HO5N2CDMLUCN7AMSPRVMEGBFAF7ACHFQ3QDAIPK0G,1,24.95,USD,Not Applicable,Not Applicable,Not Applicable,Price Amount,Not Applicable
UR5C38R5G18RN34K23O1CQRJN5REQRNH1SGCFC0CULVH47DHQU6G,NTNFLM5HGC3Q27R8R09HDAREPAGNLCLA4GGQLTDSP8DP72EUDPB0,1,1.23,USD,Not Applicable,Not Applicable,Not Applicable,Tax,Not Applicable
UR5C38R5G18RN34K23O1CQRJN5REQRNH1SGCFC0CULVH47DHQU6G,NTNFLM5HGC3Q27R8R09HDAREPAGNLCLA4GGQLTDSP8DP72EUDPB0,1,14.95,USD,Not Applicable,Not Applicable,Not Applicable,Price Amount,Not Applicable
FOELPS7TSGUMGTIQOK82632F5O7S2IIIMCJVB0F28E2C1730VCJ0,HR4G4VF0EK0C8OK4MNRQ4GH00V6R3FEI1QGV1EGNEL24DOHQ3EL0,1,1.23,USD,Not Applicable,Not Applicable,Not Applicable,Tax,Not Applicable
FOELPS7TSGUMGTIQOK82632F5O7S2IIIMCJVB0F28E2C1730VCJ0,HR4G4VF0EK0C8OK4MNRQ4GH00V6R3FEI1QGV1EGNEL24DOHQ3EL0,1,14.95,USD,Not Applicable,Not Applicable,Not Applicable,Price Amount,Not Applicable
267OQ21IKAMIDPRTQT6U1GNLHNSVAQBGOSJHERC7JI289N5TPN70,K4P0BA4U83OK4USHIQQP5UBN5EL99JRVP76DHJ8QOAABECMM6IC0,1,31.5,USD,Not Applicable,Not Applicable,Not Applicable,Price Amount,Not Applicable
267OQ21IKAMIDPRTQT6U1GNLHNSVAQBGOSJHERC7JI289N5TPN70,K4P0BA4U83OK4USHIQQP5UBN5EL99JRVP76DHJ8QOAABECMM6IC0,1,0.0,USD,Not Applicable,Not Applicable,Not Applicable,Tax,Not Applicable
267OQ21IKAMIDPRTQT6U1GNLHNSVAQBGOSJHERC7JI289N5TPN70,K4P0BA4U83OK4USHIQQP5UBN5EL99JRVP76DHJ8QOAABECMM6IC0,1,-31.5,USD,Not Applicable,Not Applicable,Not Applicable,Price Amount,Promotion
267OQ21IKAMIDPRTQT6U1GNLHNSVAQBGOSJHERC7JI289N5TPN70,K4P0BA4U83OK4USHIQQP5UBN5EL99JRVP76DHJ8QOAABECMM6IC0,1,0.0,USD,Not Applicable,Not Applicable,Not Applicable,Tax,Promotion
2DD7OUSGE4JO3S79P3B6AQKCN9DEOHP3AL7I373PNSHQ44LSHL30,9G90AML0N57EGA2AISQ20MIV3CAQOJJOJD3HB7NBHIF5B91TRS30,1,0.0,USD,Not Applicable,Not Applicable,Not Applicable,Price Amount,Not Applicable
2DD7OUSGE4JO3S79P3B6AQKCN9DEOHP3AL7I373PNSHQ44LSHL30,9G90AML0N57EGA2AISQ20MIV3CAQOJJOJD3HB7NBHIF5B91TRS30,1,0.0,USD,Not Applicable,Not Applicable,Not Applicable,Tax,Not Applicable
AFSC2FCU9LJJDUV94L3496N2VPQOI2JER9N4GDPC3FC3G83I39G0,RHAHFUBF8BTQ2PE8K08QG0E6USO5FR444OBM5VATRPMLRN7FUCOG,1,0.0,USD,Not Applicable,Not Applicable,Not Applicable,Tax,Not Applicable
AFSC2FCU9LJJDUV94L3496N2VPQOI2JER9N4GDPC3FC3G83I39G0,RHAHFUBF8BTQ2PE8K08QG0E6USO5FR444OBM5VATRPMLRN7FUCOG,1,0.0,USD,Not Applicable,Not Applicable,Not Applicable,Tax,Promotion
AFSC2FCU9LJJDUV94L3496N2VPQOI2JER9N4GDPC3FC3G83I39G0,RHAHFUBF8BTQ2PE8K08QG0E6USO5FR444OBM5VATRPMLRN7FUCOG,1,27.99,USD,Not Applicable,Not Applicable,Not Applicable,Price Amount,Not Applicable
AFSC2FCU9LJJDUV94L3496N2VPQOI2JER9N4GDPC3FC3G83I39G0,RHAHFUBF8BTQ2PE8K08QG0E6USO5FR444OBM5VATRPMLRN7FUCOG,1,-27.99,USD,Not Applicable,Not Applicable,Not Applicable,Price Amount,Promotion