"DateAddedToCart","Source","ASIN","ProductName","CartDomain","CartList","Quantity","OneClickBuyable","ToBeGiftWrapped","PrimeSubscription","Pantry","AddOn"
"2025-08-23T20:32:12.628Z","Retail","B0D6WBKPTP","Bencailor 6 Pairs Microfiber Dusting Gloves, Dusting Cleaning Gloves Microfiber Gloves for Plants House Blinds Car Dust Mitt (Fresh Color,Large) [Product name associated with ASIN]","Not Applicable","saved","1","Yes","No","No","No","No"
"2025-08-09T23:37:28.940Z","Retail","B0761X58H3","mDesign Plastic 3-Compartment Bathroom Organizer Storage Bin - Divided Makeup Caddy and Hair/Beauty Product Holder Tray - Perfect for Vanity, Counter, and Cabinet - Lumiere Collection, 2 Pack, Clear [Product name associated with ASIN]","Not Applicable","saved","1","Yes","No","No","No","No"
"2025-07-27T21:08:43.368Z","Retail","B0B13WGFKX","TOPZEA 200 Pack Reusable Ice Cubes, PE Plastic Fruit Shape Ice Cubes for Cocktail, Whiskey, Beverages, to Chill Drinks, Washable Refreezable Ices Cube, Bar Accessories, BPA Free, Assorted Colors [Product name associated with ASIN]","Not Applicable","saved","1","Yes","No","No","No","No"
"2025-07-18T03:39:50.281Z","Retail","B000923524","Under Sink Water Filter for Sink Faucet by CuZn, 5 Year Filtration Life, Reduces PFAs, PFOS, Lead, Chlorine, Improves Taste of Tap Water with NSF/ANSI 42 & 372 Certified High Performance [Product name associated with ASIN]","Not Applicable","saved","2","Yes","No","No","No","No"
"2025-07-12T21:31:54.057Z","Retail","B0DMVXZTVW","Extra Firm Mattress King Size 8 Inch with Tencel Cover, Premier Cooling Green Tea/Gel Memory Foam Mattresses in Box, Dual Side Medium Firm-Mattress for Back Pain, CertiPUR-US,Made in USA,80'' x 76'' [Product name associated with ASIN]","Not Applicable","saved","1","Yes","No","No","No","No"
"2025-07-12T04:24:21.895Z","Retail","B0CY197HFG","Mattress RV King 10 Inch Memory Foam Mattresses with Tencel Cover, Quality Green Tea/Gel Medium Firm Bed-Mattress in a Box for Camper/Trailer/Truck, Body Support, Made in USA 80'' x 72'' [Product name associated with ASIN]","Not Applicable","saved","2","Yes","No","No","No","No"
"2025-07-09T00:54:46.349Z","Retail","B07RTJWFQX","Shinco 7,000 Sq.Ft Energy Star Dehumidifier with Pump and WIFI, Ideal for Large Industrial Rooms and Home Basements, Efficient Moisture Removal and Humidity Control, 1.85 Gallons Water Tank [Product name associated with ASIN]","Not Applicable","saved","1","Yes","No","No","No","No"
"2025-07-03T23:34:25.511Z","Retail","B0DRGCDQTD","COTLIN 15"" W Drainless Under Counter Ice Maker with 22LBS Storage Bin, Crescent Ice, Free Standing Built-in Ice Maker for Residential Commercial Use, No Drain Required, ETL Approved, 2025 Upgraded [Product name associated with ASIN]","Not Applicable","saved","1","Yes","No","No","No","No"
"2025-07-03T21:16:32.725Z","Retail","B0DWMX9WCY","hyxjzh Fly Fans for Tables, Bug Fans with Holographic Blades, Battery Operated Fly Repellent Fan, Keep Flies Away from Picnic, BBQ, Restaurant, Party, Indoor and Outdoor, 4 Pack [Product name associated with ASIN]","Not Applicable","saved","1","No","No","No","No","No"
"2025-06-26T19:25:56.116Z","Retail","B0DQD6KP6T","Y&M Outdoor Side Table, Waterproof Four-Legged Round Entryway End Table, Single-Tier HDPE Modern Small Coffee Nightstand for Bedroom, Living Room, Patio, Indoor or Outdoor Use, Navy Blue [Product name associated with ASIN]","Not Applicable","saved","1","Yes","No","No","No","No"
"2025-06-26T19:16:27.710Z","Retail","B0C6K94LB4","PIZATO HDPE Adirondack Chair Outdoor Fire Pit Lounge Chair Waterproof, Fade-Resistant, Weather-Resistant Composite Lawn Chair with Wood Grain Texture, Suitable for Patio, Garden, Terrace - Navy [Product name associated with ASIN]","Not Applicable","saved","2","No","No","No","No","No"
"2025-06-26T19:10:23.206Z","Retail","B0BFJ82TWZ","baterysu Large Outdoor Solar Lanterns Hanging Light Waterproof LED Garden Lights Solar Powered Retro Metal Auto On Off Table Lamp for Garden Patio Porch Pathway Walkway Tabletop Decorative(Bronze) [Product name associated with ASIN]","Not Applicable","saved","1","Yes","No","No","No","No"
"2025-06-26T19:06:32.053Z","Retail","B0C4SM8TLJ","Amiluo Solar Outdoor Lights 304 LED 3000LM Flood Security Lights with Remote, Large Solar Panel Motion Sensor Lights 3 Modes, Waterproof IP67 Wall Lights for Driveway Yard(2 Pack- WarmWhite) [Product name associated with ASIN]","Not Applicable","saved","1","Yes","No","No","No","No"
"2025-06-26T15:45:51.237Z","Retail","B075KS2WKR","Pacific Giftware Rustic Silver Octopus Wine Holder 7.5 Inch Tall Tabletop Bar Counter Decorative Sculpture [Product name associated with ASIN]","Not Applicable","saved","1","Yes","No","No","No","No"
"2025-06-08T19:41:28.901Z","Retail","B0CQ8PDR5G","Safer Home SH506 Trap Refill Pack of Glue Cards for SH502 Indoor Fly Trap, 6 Count (Pack of 1) [Product name associated with ASIN]","Not Applicable","saved","1","Yes","No","No","No","No"
"2025-06-07T04:06:23.615Z","Retail","B003GADB02","Honest Kids Organic Juice Drink, Berry Berry Good Lemonade, 6.75 Fl Oz Pouches (Pack of 32) [Product name associated with ASIN]","Not Applicable","saved","1","Yes","No","No","No","No"
"2025-06-04T16:17:04.453Z","Retail","B0D7ZT5HN1","CHEBIO Cordless Vacuum Cleaner, Stick Vacuum with Powerful Suction, 45Mins Runtime Vacuum Cleaners for Home, Anti-tangle and 1.5L Dust Cup, 6 in 1 Lightweight Vacuum for Hardwood Floor Carpet Pet Hair [Product name associated with ASIN]","Not Applicable","saved","1","Yes","No","No","No","No"
"2025-05-31T21:23:36.253Z","Retail","B0DDQ225TJ","BUSOKIP Wheat Straw 10 Inch Deep Plates, 26 OZ Bowls and 16 OZ Cups Bundle Set of 20, Lightweight & Unbreakable Dinner Plates Cereal Bowls Drinking Cups (Multicolor) [Product name associated with ASIN]","Not Applicable","saved","1","No","No","No","No","No"
"2025-04-30T16:04:48.709Z","Retail","B07F6H5LG6","Product Information Not Available","Not Applicable","faulty","1","No","No","No","No","No"
"2025-04-30T16:01:18.766Z","Retail","B01ATNSKOU","Kettle Moraine Large 80 Oz Hummingbird Feeder w/ 10 Port Base [Product name associated with ASIN]","Not Applicable","saved","1","Yes","No","No","No","No"
"2025-04-28T19:00:31.605Z","Retail","B000BUOSCU","Camco 20-Foot Camper/RV Sewer Hose | Designed to Work with Trailer Sewer Fittings, Threaded Fittings, and Slip Fittings | 3-Inch Diameter Opening (39611) [Product name associated with ASIN]","Not Applicable","saved","1","Yes","No","No","No","No"
"2025-04-21T19:35:47.711Z","Retail","B0DHGYRTMQ","Dart Board Wall Protectors,Extended Length Dartboard Wall Protector,Dartboard Surround,Black Dart Board Cork Wall Protector,Suitable for 18in Dart Board [Product name associated with ASIN]","Not Applicable","saved","1","Yes","No","No","No","No"
"2025-04-18T00:57:04.255Z","Retail","B086KWFYWW","Berglander Flatware Set 40 Piece, Stainless Steel With Titanium Colorful Plated, Multicolor Flatware Set, Silverware, Rainbow Color Cutlery Set Service For 8 [Product name associated with ASIN]","Not Applicable","saved","1","Yes","No","No","No","No"
"2025-04-18T00:56:42.988Z","Retail","B07F1SCW25","culterman Ultra-Sharp Stainless Steel Cutlery Set,Dinner Knives 6-Piece kitchen Serrated Best Steak Knife (Rainbow) [Product name associated with ASIN]","Not Applicable","saved","1","Yes","No","No","No","No"
"2025-04-18T00:56:32.891Z","Retail","B07CRRGYCR","Berglander Rainbow Silverware Serving Set 10 Pcs, Stainless Steel Titanium Plating Flatware Server Set, Salad Spoon Fork, Serving Spoons Forks, Butter Knife, Cake Server Fish Knives Forks [Product name associated with ASIN]","Not Applicable","saved","1","No","No","No","No","No"
"2025-04-17T17:14:33.344Z","Retail","B0C2HZSDBR","Ultimate UV Protection Spray 32 Oz | UV Protector for Outdoor Surface Sun Protection | UV Ray Protectant for Vinyl, Rubber, Plastic, and More | Prevents Fading and Discoloration [Product name associated with ASIN]","Not Applicable","saved","1","Yes","No","No","No","No"
"2025-04-13T17:37:33.762Z","Retail","B08X4Y8RTB","Bellemain Premium Steak Knives Set of 8, Kitchen Knife Sets with Steel Blades for Precise Cutting, Lightweight Steak Knife Set Stainless Steel & Durable, Serrated Steak Knives Dishwasher Safe [Product name associated with ASIN]","Not Applicable","saved","1","Yes","No","No","No","No"
"2025-04-12T14:52:47.293Z","Retail","B0092FEZZ0","It's A 10 Miracle Deep Conditioner Plus Keratin for Unisex, 17.5 Ounce [Product name associated with ASIN]","Not Applicable","saved","1","Yes","No","No","No","No"
"2025-04-03T14:52:22.884Z","Retail","B08ZF53WZM","Amazon Basic Care All Day Allergy, Cetirizine Hydrochloride Tablets, 10 mg, Antihistamine, 30 Count (Packaging may vary) [Product name associated with ASIN]","Not Applicable","saved","1","Yes","No","No","No","No"
"2025-03-30T14:38:29.959Z","Retail","B07G9P1Y19","Oceans 7 US Coast Guard Approved Life Jacket for Infant, Kids, Youth, – Type II & III Vest, Personal Flotation Device [Product name associated with ASIN]","Not Applicable","saved","1","Yes","No","No","No","No"
"2025-03-30T14:20:38.128Z","Retail","B01MD27YLR","Sterilite 80 Qt Gasket Box, Stackable Storage Bin with Latching Lid and Tight Seal, Plastic Container to Organize Basement, Clear Base and Lid, 1-Pack [Product name associated with ASIN]","Not Applicable","saved","1","Yes","No","No","No","No"
"2025-03-30T14:12:50.458Z","Retail","B09KL8MWP4","RAYWER Body Board Lightweight with EPS Core, HDPE Slick Bottom, Leash & Adjustable Wrist Rope, Great Surfing for Kids and Adults [Product name associated with ASIN]","Not Applicable","saved","1","Yes","No","No","No","No"
"2025-03-22T17:02:51.398Z","Retail","B0B5B2YWG6","100% Compostable Paper Bowls 12 oz. [1000 Count] Heavy-Duty Soup Bowls - Natural Brown Color Unbleached Bagasse Bowls - Eco-Friendly Disposable Biodegradable Sugarcane - [Bulk Case 8/125 Pack] [Product name associated with ASIN]","Not Applicable","saved","1","Yes","No","No","No","No"
"2025-03-21T19:06:51.565Z","Retail","B09XFLBGNX","Tommy Bahama Backpack Beach Chair 2 Pack (Sailfish and Palms), Aluminum, Multicolor [Product name associated with ASIN]","Not Applicable","saved","1","Yes","No","No","No","No"
"2025-03-21T19:04:51.236Z","Retail","B0D6BPNYFD","Originsure 38""L Collapsible Wagon Cart Foldable, 460LB Weight Capacity 220L Heavy Duty Folding Beach Wagons with Big All-Terrain Wheels, Utility Carts for Groceries, Shopping, Camping, Sports - Black [Product name associated with ASIN]","Not Applicable","saved","1","Yes","No","No","No","No"
"2025-03-20T22:32:42.713Z","Retail","B0B3C8XJS3","Smash Foods Blueberry Jam | Low-Calorie, No Sugar Added Keto Jam with Upcycled Fruit & Chia Seeds | Vegan, Paleo Superfood Fruit Spread (2 Jars) [Product name associated with ASIN]","Not Applicable","saved","1","Yes","No","No","No","No"
"2025-03-09T01:17:17.664Z","Retail","B00AU6J68Q","SABRE RED SABRE Protector Dog Pepper Spray & Belt Clip, Fast Flip Top Safety, 7 Bursts, 15-Foot (4.6-Meter) Range, Humane Dog Attack Deterrent, Max Strength Allowed By EPA for Self Defense, 1.8 fl oz [Product name associated with ASIN]","Not Applicable","saved","1","Yes","No","No","No","No"
"2025-03-05T17:22:32.241Z","Retail","B0BSTK9F6Q","Smash Foods Jam | Classics Variety 4-Pack | Low-Calorie, No Sugar Added Keto Jam with Upcycled Fruit & Chia Seeds | Vegan, Paleo Superfood Spread [Product name associated with ASIN]","Not Applicable","saved","1","Yes","No","No","No","No"
"2025-03-05T13:49:57.472Z","Retail","B07RN6TG1J","Finish Jet-Dry Dishwasher Rinse Aid, Compatible with Dishwasher Detergent, Prevents Spots & Residues, Dries, Shine & Protects, 32 oz, 300 washes [Product name associated with ASIN]","Not Applicable","saved","1","Yes","No","No","No","No"
"2025-03-04T17:31:35.417Z","Retail","B09ZQY3G18","Upgraded 12 FT 0-30 PSI High Pressure Adjustable Propane Regulator with Gauge 0~60PSI Gas Flow Indicator, QCC1 x 3/8"" Female Flare Fitting with 3/8 Flare x 1/8 MNPT, Stainless Braided Propane Hose [Product name associated with ASIN]","Not Applicable","saved","2","Yes","No","No","No","No"
"2025-03-04T17:28:21.126Z","Retail","B07XTMTZZ3","Flame King YSNPBS Propane Cylinder Base Stabilizer, Fits 20lb, 30lb, and 40lb Tanks, Black [Product name associated with ASIN]","Not Applicable","saved","1","Yes","No","No","No","No"
"2025-03-03T14:27:45.979Z","Retail","B01LOZDYAM","2xhome Set of 2 Patio Dining Chairs | Modern Stackable Outdoor Pool Side Chair | Weather Resistant Plastic for Yard, Porch, Balcony, Kitchen, Teal [Product name associated with ASIN]","Not Applicable","saved","1","Yes","No","No","No","No"
"2025-02-25T04:57:49.947Z","Retail","B0DB459SLZ","Orimade Rustproof 3 Tier Floor Standing Shower Caddy Organizer, Plastic Metal Splicing Floor Shelf Rack Stands for Bathroom Kitchen,15.35 x 29.33 x 7.87’’, Black [Product name associated with ASIN]","Not Applicable","saved","1","No","No","No","No","No"
"2025-02-25T04:49:48.532Z","Retail","B09KL45NHJ","RAYWER Body Board Lightweight with EPS Core, HDPE Slick Bottom, Leash & Adjustable Wrist Rope, Great Surfing for Kids and Adults [Product name associated with ASIN]","Not Applicable","saved","2","Yes","No","No","No","No"
"2025-02-25T04:47:31.816Z","Retail","B0B6GKGBV3","TZDTMEOS 2PCS Racks for chairs,12.4 inch Garage Hooks,Heavy Duty Hooks,Wall Mount Garage Hooks,Hanger for Garage Wall,Heavy Duty Storage Hangers,Organizer to Chairs,Power Tools,Garden Tools,max 120lb. [Product name associated with ASIN]","Not Applicable","saved","1","Yes","No","No","No","No"
"2025-02-25T04:37:47.654Z","Retail","B0CR2VWBD8","Liliful 144 Pcs Flower Coloring Book Bulk for Adult Kids DIY Art Stress Relief Drawing Book with Patterns for Adults, Party Favors, Goodie Bag Filler and Holiday Gifts (Summer) [Product name associated with ASIN]","Not Applicable","saved","1","Yes","No","No","No","No"
"2025-02-25T04:09:37.187Z","Retail","B07P8815LF","Trail maker Wholesale Bright Wax Coloring Crayons in Bulk, 12 Pack (10 Crayons Per Box) [Product name associated with ASIN]","Not Applicable","saved","1","Yes","No","No","No","No"
"2025-02-25T04:05:12.358Z","Retail","B0C1BTTJM9","UUYYEO 50 Sets Hotel Vanity Kit Individually Wrapped Disposable Hotel Amenities Hotel Hospitality Supplies Cosmetic Cotton Pads Cotton Swabs Nail File [Product name associated with ASIN]","Not Applicable","saved","1","Yes","No","No","No","No"
"2025-02-19T22:46:40.975Z","Retail","B000N22JX6","Lasko Oscillating Designer Ceramic Tower Space Heater for Home with Adjustable Thermostat, Timer and Remote Control, 16 Inches, 1500W, 6435 [Product name associated with ASIN]","Not Applicable","saved","1","Yes","No","No","No","No"
"2025-02-18T15:31:35.562Z","Retail","B0D5V8584D","BHCHA 80 Quart Gasket Box Storage Bin w/Lid & Latches, Clear/Aqua Blue for Adult [Product name associated with ASIN]","Not Applicable","saved","1","No","No","No","No","No"
"2025-02-02T02:04:12.953Z","Retail","B09BW21L8K","iMaylex Soft 100% Egyptian Cotton Zipper Closure Pillowcases, Cozy and Lightweight Pillow Case, Set of 2, Cyan, Standard, 20"" x 26"" [Product name associated with ASIN]","Not Applicable","saved","1","Yes","No","No","No","No"
"2025-01-31T17:08:31.742Z","Retail","B0DCC5271T","LIFCOM Satin Sheets Queen Size Bed Set,Similar to Silk Sheets,4Pcs Luxury Satin Sheet Set with 15 Inches Deep Pocket (Queen, Light Blue) [Product name associated with ASIN]","Not Applicable","saved","1","Yes","No","No","No","No"
"2025-01-31T17:03:02.573Z","Retail","B096T6R8QC","Large Beach Towel Extra Soft 36 x 70 inch Hotel Pool, Resort and SPA Style 100% Cotton Solid Colors with Striped Border (Turquoise-Mint-Pink-Cobalt, 4 Pack) [Product name associated with ASIN]","Not Applicable","saved","1","Yes","No","No","No","No"
"2025-01-31T17:01:56.177Z","Retail","B0B588G1YH","Casa Platino Twin Sheet Set, Pre-Washed Ultra Soft & Breathable Bed Sheets Twin Size, Brushed Microfiber Twin Sheets, Fade Resistant, Sheets Twin Size Bed Set with Deep Pockets - Navy [Product name associated with ASIN]","Not Applicable","saved","1","No","No","No","No","No"
"2025-01-31T17:00:30.613Z","Retail","B06XWZXN33","SONORO KATE Bed Sheet Set Super Soft Microfiber 1800 Thread Count Luxury Egyptian Sheets 16-Inch Deep Pocket Wrinkle and Hypoallergenic-4 Piece(Queen Lake Blue) [Product name associated with ASIN]","Not Applicable","saved","1","Yes","No","No","No","No"
"2025-01-29T17:03:14.305Z","Retail","B0CKYHBWM4","Ryscam 80W Bird Bath Heater for Outdoors in Winter, Thermostatic Controlled Auto Shut Off Birdbaths Deicer, Winter Water Heated De-icer for Livestock and Poultry in Farm and Yard (1PCS) [Product name associated with ASIN]","Not Applicable","saved","1","No","No","No","No","No"
"2025-01-29T16:24:02.477Z","Retail","B0D727867X","2PCS Absolutely No Smoking or Vaping Sign Stickers，Self-Adhesive Waterproof Vinyl Anti-smoking Sticker for House，Home，Business，Windows（Black） [Product name associated with ASIN]","Not Applicable","saved","1","Yes","No","No","No","No"
"2025-01-26T17:42:05.770Z","Retail","B0C66HQ8KG","HOMELUX THEORY 2pc Low Profile Under Bed Storage Containers, Thin Under Couch Storage Organizer with Bins & Lids, Underbed Storage Box Ideal for Seasonal Clothes, Blankets, Fabric & Shoes (Black) [Product name associated with ASIN]","Not Applicable","saved","1","Yes","No","No","No","No"
"2025-01-22T04:12:25.735Z","Retail","B00XKJKKGW","ViscoSoft 3 Inch Memory Foam Mattress Topper Queen - Select High Density Ventilated Mattress Pad - Premium Removable Rayon Cover [Product name associated with ASIN]","Not Applicable","saved","1","Yes","No","No","No","No"
"2025-01-22T04:08:47.938Z","Retail","B08H5LN6MK","Panda Mattress Topper (Queen) [Product name associated with ASIN]","Not Applicable","saved","1","Yes","No","No","No","No"
"2025-01-20T17:33:13.793Z","Retail","B006M9NIDO","Gerber Gear Dime 12-in-1 Mini EDC Multitool - Needle Nose Pliers, Pocket Knife, Keychain, Bottle Opener - Gifts for Men, EDC Gear and Equipment - Black [Product name associated with ASIN]","Not Applicable","saved","1","Yes","No","No","No","No"
"2025-01-18T21:15:45.006Z","Retail","B0DM96FLWG","ThermoMaven BBQ Bristle-Free Steam Grill Brush - Safe Grill Cleaning Accessories with Scraper for Charcoal/George Foreman/Weber/Gas/Outdoor Grill [Product name associated with ASIN]","Not Applicable","saved","1","Yes","No","No","No","No"
"2025-01-18T20:06:29.230Z","Retail","B0CQVNB7N2","ZSHIFANG Soft Shag 3D Stereo Wave Moss Bedside Rug 20""×36"" Cute Navy Blue Runner Rug Non Slip Washable Bathroom Rugs Bath Mats for Bedroom Bathroom Hallway Home Decor Indoor Doormat Shower Mat [Product name associated with ASIN]","Not Applicable","saved","1","Yes","No","No","No","No"
"2025-01-18T06:48:12.280Z","Retail","B072HPYRGS","George Foreman GFA0240RDCG Round Grill Cover, Gray [Product name associated with ASIN]","Not Applicable","saved","1","No","No","No","No","No"
"2025-01-18T06:14:49.384Z","Retail","B07VC2HWD2","BEAUTURAL Steam Iron for Clothes with Precision Thermostat Dial, Ceramic Coated Soleplate, 3-Way Auto-Off, Self-Cleaning, Anti-Calcium, Anti-Drip Blue [Product name associated with ASIN]","Not Applicable","saved","1","Yes","No","No","No","No"
"2025-01-18T06:13:37.280Z","Retail","B0BN9DYHYB","AXYLEX Artificial Flowers for Outdoors Fake Plants - 16 Bundles Faux Outside Greenery Boxwood No Fade Plastic Shrubs Fall Decor Farmhouse Home Garden (Blue) [Product name associated with ASIN]","Not Applicable","saved","1","Yes","No","No","No","No"
"2025-01-18T06:12:45.524Z","Retail","B0BMM8P2PT","Artificial Orchid Flowers White Faux Orchids with Ceramic Vase Vivid Fake Phalaenopsis Flower Arrangement Gorgeous Artificial Plants for Office Desk Wedding Party Exhibition Center & Home Table Decor [Product name associated with ASIN]","Not Applicable","saved","1","Yes","No","No","No","No"
"2025-01-18T06:10:28.282Z","Retail","B0CW9BXVJ2","10 Bundles Artificial Faux Flowers for Outdoor,10Pcs Fake Flowers for Home Decor,Plastic Flowers Shrubs Lifelike Artificial Greenery Home Porch Stems Outside Decor(Mix) [Product name associated with ASIN]","Not Applicable","saved","1","Yes","No","No","No","No"
"2025-01-18T06:08:40.305Z","Retail","B0DC986JKY","FOREST PRINCE 42"" Artificial Boston Fern Large Bush Plants, 2 Bundles of Fake Ferns with 65 Fronds for Outdoors Home Decor [Product name associated with ASIN]","Not Applicable","saved","1","Yes","No","No","No","No"
"2025-01-18T05:21:06.656Z","Retail","B091FH8H8W","NEWLAKE Cotton Bedspread Quilt Sets-Reversible Patchwork Coverlet Set,Blue Mysterious Bohemian Style, Queen Size [Product name associated with ASIN]","Not Applicable","saved","1","Yes","No","No","No","No"
"2025-01-12T21:00:48.391Z","Retail","B0B5DMVHGF","2025 New 2-Pack Grabber Tool, 32"" Long Reacher Grabber Pickup Tool with Magnetic Tip, Trash Picker for Elderly Grab It Reaching Tool, Garbage Picker Upper, Litter Pick Up Grab [Product name associated with ASIN]","Not Applicable","saved","1","Yes","No","No","No","No"
"2025-01-09T17:19:39.727Z","Retail","B0BZPVL1ZG","Kitchen Sink Splash Guard Faucet Mat -1 PC Super Absorbent Fast Drying Mat Sink Gadgets-Splash Guard Behind Faucet Drip Catcher for Kitchen, Bathroom,Sink Mat, Dish Drying Mat, Bathroom(15"" X 5.5"" ) [Product name associated with ASIN]","Not Applicable","saved","1","Yes","No","No","No","No"
"2025-01-08T22:11:27.694Z","Retail","B00GY790C2","Cambridge 634020FSTP12DS Fiesta 20-Piece Merengue Flatware Silverware Set, Service for 4, Stainless Steel/ABS, Includes Forks/Knives/Spoons, Multicolor [Product name associated with ASIN]","Not Applicable","saved","1","No","No","No","No","No"
"2025-01-03T17:47:18.080Z","Retail","B07Y5PQXJ6","Flame King YSN201HZL 20-LB Steel Horizontal Propane Tank Cylinder for Fire Pits and Tables, Patio Heaters, Barbeques, RVs, and Truck Campers, White [Product name associated with ASIN]","Not Applicable","saved","1","No","No","No","No","No"
"2025-01-03T17:43:58.142Z","Retail","B0D7LQ4RCQ","WADEO Propane Cylinder Refill Stand, Propane Refill Holder for 1LB Refillable Cylinders, Removable Refill Stand for 5-20lb Propane Tank, Portable for Outdoor Camping [Product name associated with ASIN]","Not Applicable","saved","1","Yes","No","No","No","No"
"2025-01-03T17:30:20.469Z","Retail","B0C8XBKZYG","Downy Fabric Softener Liquid, April Fresh Scent, 140 fl oz, 190 Loads, HE Compatible, Downy Fabric Softener, Liquid Fabric Softener, Laundry [Product name associated with ASIN]","Not Applicable","saved","1","Yes","No","No","No","No"
"2025-01-02T04:45:02.425Z","Retail","B07GX45QW1","Crest Complete Advanced Flavoridetoothpaste 5 Pack 8.2 Oz Net Wt 41 Oz,, () [Product name associated with ASIN]","Not Applicable","saved","1","No","No","No","No","No"
"2025-01-02T04:32:17.733Z","Retail","B07CVWG5L8","Finish Quantum Dishwasher Pods, No Pre-Rinse Dishwasher Detergent Soap Removes 24HR Dried-On Stain and Grease, Leaving a Virtually Spotless Shine, 82 Count [Product name associated with ASIN]","Not Applicable","saved","1","Yes","No","No","No","No"
"2024-12-19T06:32:05.181Z","Retail","B0BH6PYZ5D","ThermaCord 120v Heat Cable Controller, Weatherproof Outdoor Thermostat, Energy-Saving, Turns Heat Cable On and Off Automatically, UL-Certified, Industrial Grade, Fits Outdoor Outlets, 16” Long [Product name associated with ASIN]","Not Applicable","saved","1","Yes","No","No","No","No"
"2024-12-09T21:28:00.100Z","Retail","B09BVLZWY3","HAUSHOF Large Grill Accessories Heavy Duty BBQ Set Gifts for Men/Women - Premium Stainless Steel Spatula, Fork & Tongs, Barbecue Utensils Tool Kit Gift for Grilling Lover Outdoor [Product name associated with ASIN]","Not Applicable","saved","1","Yes","No","No","No","No"
"2024-12-09T21:26:51.720Z","Retail","B08CHD2496","TNTOR Grill Brush with Scraper, 18"" Adjustable Handle BBQ Grill Brush for Outdoor Grill, Extra Strong Grill Cleaner Accessories for Grill/Smoker/Gas/Charcoal Grill Cleaning-Gifts for Grill Wizard/Dad [Product name associated with ASIN]","Not Applicable","saved","1","Yes","No","No","No","No"
"2024-12-09T21:19:25.973Z","Retail","B0C7YF3L3S","BlissBlush Coastal Blue Decorative Lumbar Pillow Cover 14x36 Boho Long Body Pillow for Bed Farmhouse Lumbar Throw Pillow for Couch Modern Accent Textured Throw Pillowcase [Product name associated with ASIN]","Not Applicable","saved","1","Yes","No","No","No","No"
"2024-12-08T12:50:05.937Z","Retail","B001IZG8D4","Sweetener Packets, Sweet'N Low, Box Of 400 Packets [Product name associated with ASIN]","Not Applicable","saved","1","Yes","No","No","No","No"
"2024-12-05T14:11:59.093Z","Retail","B0092FEZZ0","It's A 10 Miracle Deep Conditioner Plus Keratin for Unisex, 17.5 Ounce [Product name associated with ASIN]","Not Applicable","saved","1","Yes","No","No","No","No"
"2024-12-05T05:52:28.559Z","Retail","B000FXWLA4","Coghlan's Multi-Spice Shaker – Compact and Portable Seasoning Container with Multiple Compartments for Camping, Hiking, Backpacking, and Outdoor Cooking – Durable, Lightweight, Travel-Ready [Product name associated with ASIN]","Not Applicable","saved","1","No","No","No","No","No"
"2024-12-05T05:07:54.949Z","Retail","B07GCNDL91","McCafe Premium Roast Decaf, Keurig Single Serve K-Cup Pods, Medium Roast Coffee Pods, 84 Count [Product name associated with ASIN]","Not Applicable","saved","1","Yes","No","No","No","No"
"2024-12-05T04:39:28.663Z","Retail","B00GLSF5AU","Folgers Colombian Medium Roast Coffee, 12 Keurig K-Cup Pods (Pack of 6) [Product name associated with ASIN]","Not Applicable","saved","1","Yes","No","No","No","No"
"2024-12-04T19:43:24.473Z","Retail","B0CHJZ3YC7","Hushee Shave Kit Bulk Travel Shaving Cream Disposable Twin Blade Razors and Cream Individually Wrapped Smooth Razor with Clear Cap Toiletries for Hotel Shelter Camping Travel Homeless (100 Pack) [Product name associated with ASIN]","Not Applicable","saved","1","Yes","No","No","No","No"
"2024-12-04T19:37:39.704Z","Retail","B087D3SML2","Amazon Basic Care - Extra Strength Acetaminophen Caplet 500 mg, 100 Count ( 50 pouches of 2 caplets ) [Product name associated with ASIN]","Not Applicable","saved","1","Yes","No","No","No","No"
"2024-12-04T19:37:09.509Z","Retail","B07GPLX3RY","Advil WL0151-50 Ibuprofen Pain Relief Tablet, 200mg, Standard, Blue/Red (Pack of 50) [Product name associated with ASIN]","Not Applicable","saved","1","No","No","No","No","No"
"2024-12-04T19:36:51.195Z","Retail","B0964NVQ59","Aleve Pain Reliever & Fever Reducer Naproxen Sodium Caplets, Body and Arthritis Pain Reliever, Medicine for Adults and Children Ages 12 and Up, 60 Individual Pouches [Product name associated with ASIN]","Not Applicable","saved","1","Yes","No","No","No","No"
"2024-12-04T19:36:26.589Z","Retail","B001GAOHIY","Motrin IB, Ibuprofen 200mg Tablets, NSAID Pain & Fever Reliever for Headache, Backache, Muscular Aches, Arthritis Pain Reliever, 50 Travel Packets of 2, 100 ct [Product name associated with ASIN]","Not Applicable","saved","1","Yes","No","No","No","No"
"2024-12-04T19:35:50.059Z","Retail","B087D3H3WD","Amazon Basic Care Ibuprofen Tablets, 200 mg, Pain Reliever and Fever Reducer, For Headache, Muscular Aches, Arthritis, Backache and More, 100 Count (Pack of 1) [Product name associated with ASIN]","Not Applicable","saved","2","Yes","No","No","No","No"
"2024-12-04T19:34:48.237Z","Retail","B0BF636GJC","Pepto Bismol Chewables Dispenser - 32 Packs of 4 [Product name associated with ASIN]","Not Applicable","saved","1","No","No","No","No","No"
"2024-12-04T19:28:29.322Z","Retail","B0D1CHMNY8","Homvle Disposable Toothbrushes with Toothpaste - 100 Packs Individually Wrapped Travel Toothbrushes Bulk, Medium Soft Bristles, Perfect for Travel Size Toiletries, OCC, Airbnb, Dentist, Office [Product name associated with ASIN]","Not Applicable","saved","1","Yes","No","No","No","No"
"2024-12-04T19:25:02.272Z","Retail","B000JLIRT6","Degree Antiperspirant Deodorant Shower Clean Pack of 36 72-Hour Sweat & Odor Protection Antiperspirant for Women with Body Heat Activated Technology 0.5 oz [Product name associated with ASIN]","Not Applicable","saved","1","Yes","No","No","No","No"
"2024-11-24T19:39:37.478Z","Retail","B07V216PLR","The Ultimate Survive Anything Tiny Survival Guide for Emergency Disaster Micro Guide First Aid Survival Pocket Handbook Easily Fits in Wallet Glove Box Pouch [Product name associated with ASIN]","Not Applicable","saved","1","Yes","No","No","No","No"
"2024-11-24T19:30:46.471Z","Retail","B0B7R76M8P","Survival Kit, Gifts for Men Dad Husband, Emergency Survival Gear and Equipment 19 in 1, Fishing Hunting Birthday for Men, Camping Accessories, Cool Gadget, Camping Essentials [Product name associated with ASIN]","Not Applicable","saved","2","Yes","No","No","No","No"
"2024-11-22T19:57:44.563Z","Retail","B0BY2WNZP6","DynastyMattress RV King Mattress 8-Inch CoolBreeze Medium-FirmGel Memory-Foam Mattress for RV Bed, Camper, Pop Up and Trailer [Product name associated with ASIN]","Not Applicable","saved","1","Yes","No","No","No","No"
"2024-11-17T18:52:26.932Z","Retail","B0BP1MQTMT","HiQuick Rechargeable AA and AAA Batteries With Charger - High Capacity 2800mAh AA (4 Pack) & 1100mAh AAA (4 Pack) - 5V 2A USB Fast Charging Battery Charger [Product name associated with ASIN]","Not Applicable","saved","1","No","No","No","No","No"
"2024-11-17T06:12:39.474Z","Retail","B06XZN3ZN6","Cacala Pestemal Turkish Beach Towel Highly Absorbent Quick and Easy Dry Soft and Comfortable for Bath, Spa, Pool, Gym and Yoga 100% Cotton 37"" x 70"" Darkblue [Product name associated with ASIN]","Not Applicable","saved","1","No","No","No","No","No"
"2024-11-17T06:09:46.584Z","Retail","B00RLNP8BK","Cacala Pestemal Turkish Beach Towel Highly Absorbent Quick and Easy Dry Soft and Comfortable for Bath, Spa, Pool, Gym and Yoga 100% Cotton 37 x 70 [Product name associated with ASIN]","Not Applicable","saved","1","Yes","No","No","No","No"
"2024-11-17T06:09:37.299Z","Retail","B06XZX23YS","Cacala Pestemal Turkish Beach Towel Highly Absorbent Quick and Easy Dry Soft and Comfortable for Bath, Spa, Pool, Gym and Yoga 100% Cotton 37"" x 70"" Beige [Product name associated with ASIN]","Not Applicable","saved","1","No","No","No","No","No"
"2024-11-14T13:35:21.123Z","Retail","B0CCF8RG8G","HOLDN’ STORAGE Pull Out Cabinet Organizer, Heavy Duty Caddy w/Lifetime Limited Warranty - 8”W x 21”D - Requires At Least 9-1/4” Cabinet Opening, Steel Metal Cabinet Drawers Slide Out, Chrome [Product name associated with ASIN]","Not Applicable","saved","1","Yes","No","No","No","No"
"2024-11-12T15:15:19.498Z","Retail","B004UB793Q","Seventh Generation Rinse Aid Free and Clear - 8 fl oz, Packaging May Vary [Product name associated with ASIN]","Not Applicable","saved","1","No","No","No","No","No"
"2024-11-08T16:49:12.796Z","Retail","B09S5XYVWG","Gibson Elite Feliz Mesa 16-Piece Hand Painted Dinnerware Set, Service for 4 (16pc) [Product name associated with ASIN]","Not Applicable","saved","1","Yes","No","No","No","No"
"2024-11-07T21:26:40.361Z","Retail","B0D2PD734C","Tripp Lite Cloud-Connected 600VA UPS Battery Backup and Surge Protector, Remote Management & Monitoring, 300W, 4 Outlets, Computer UPS, Wall Mount Option, 5ft Cord, 3-Year Warranty (BC600RNC) [Product name associated with ASIN]","Not Applicable","saved","2","No","No","No","No","No"
"2024-11-05T15:09:27.185Z","Retail","B0015YL5NQ","Jonathan Green (10610) Black Beauty Dense Shade Grass Seed - Cool Season Lawn Seed (25 lb) [Product name associated with ASIN]","Not Applicable","saved","1","Yes","No","No","No","No"
"2024-11-05T15:09:03.168Z","Retail","B0BNWF3PGX","Tide Free & Gentle Liquid Laundry Detergent, 100 Loads, 132 fl oz, Tide Laundry Detergent, Clean Laundry Detergent (Packaging May Vary) [Product name associated with ASIN]","Not Applicable","saved","1","No","No","No","No","No"
"2024-11-05T15:08:39.338Z","Retail","B074FW96PG","ICEPURE 20 Micron 10"" x 4.5"" Whole House Sediment Pleated Water Filter Replacement for GE FXHSC, Culligan R50-BBSA, Pentek R50-BB, DuPont WFHDC3001, W50PEHD, GXWH40L, GXWH35F for Well Water, 2PACK [Product name associated with ASIN]","Not Applicable","saved","1","Yes","No","No","No","No"
"2024-11-05T15:08:20.862Z","Retail","B000H5T70C","Roebic K-37-Q Septic Tank Treatment: Removes Clogs, Environmentally Friendly Bacteria Enzymes, Safe for Toilets, 32 Fl Oz - Lasts 1 Year, 32 Ounces [Product name associated with ASIN]","Not Applicable","saved","1","Yes","No","No","No","No"
"2024-11-05T15:07:59.897Z","Retail","B00R7FG5BO","Bulletproof Original Medium Roast Whole Bean Coffee, 12 Ounces, Clean Coffee Tested for Toxins, Packaging May Vary [Product name associated with ASIN]","Not Applicable","saved","1","Yes","No","No","No","No"
"2024-11-05T15:07:45.318Z","Retail","B00N2YJNBS","CurEase Argentine Grass Feed Beef Liver Powder Undefatted Desiccated (dried) Pesticide and Hormone Free 1lb One Pound (453grams) 908 Servings [Product name associated with ASIN]","Not Applicable","saved","1","Yes","No","No","No","No"
"2024-11-05T15:07:32.686Z","Retail","B0984TCB68","Naked Bone Broth - Beef Bone Broth Protein Powder - 20G Protein, Only 1 Ingredient - Gut Health and Joint Supplement - Unflavored - No GMO, Gluten, Or Soy - 1 Pound [Product name associated with ASIN]","Not Applicable","saved","1","No","No","No","No","No"
"2024-11-05T15:07:17.751Z","Retail","B079VP6DH5","Bounty Paper Towels Quick Size, White, 16 Family Rolls = 40 Regular Rolls [Product name associated with ASIN]","Not Applicable","saved","1","Yes","No","No","No","No"
"2024-11-05T15:06:59.392Z","Retail","B08M2LCMQF","Scott Rapid-Dissolving Toilet Paper, 48 Double Rolls (6 Packs of 8), Sustainable, Septic-Safe, Toilet Paper [Product name associated with ASIN]","Not Applicable","saved","1","No","No","No","No","No"
"2024-11-05T15:06:28.348Z","Retail","B09R7Q6YQM","Old Spice Men's Antiperspirant & Deodorant, 24/7 Lasting Freshness, Advanced Sweat & Odor Protection with Skin Conditioners, Invisible Solid, Fiji with Palm Tree Scent, 3.4 oz (Pack of 3) [Product name associated with ASIN]","Not Applicable","saved","1","Yes","No","No","No","No"
"2024-11-05T15:06:10.872Z","Retail","B075JRT85B","Degree Men UltraClear Antiperspirant Deodorant Black+White 2 Count 72-Hour Sweat & Odor Protection Antiperspirant For Men With MotionSense Technology 2.7 oz [Product name associated with ASIN]","Not Applicable","saved","1","Yes","No","No","No","No"
"2024-11-05T15:04:47.762Z","Retail","B0CCK54KCF","Downy Free & Gentle Fabric Softener (Fabric Conditioner), 111 fl oz, 150 Loads, Hypoallergenic [Product name associated with ASIN]","Not Applicable","saved","1","Yes","No","No","No","No"
"2024-11-05T15:04:29.024Z","Retail","B006Z8BN02","It's a 10 Haircare Miracle Deep Conditioner Plus Keratin 5 Oz [Product name associated with ASIN]","Not Applicable","saved","1","Yes","No","No","No","No"
"2024-11-05T15:01:51.693Z","Retail","B0D4DDTCV6","Kirkland Signature Hair Regrowth Treatment Minoxidil Foam for Men, 2.11 oz, 6 Count (6 Month Supply) [Product name associated with ASIN]","Not Applicable","saved","1","No","No","No","No","No"
"2024-11-05T15:01:32.814Z","Retail","B07YGZRKF9","Aveeno Daily Moisturizing Body Wash Cleanser & Shaving Gel for Men & Women, Clean-Rinsing for Softer & Smoother Skin, Gentle & Lightly Scented, 18 fl. Oz, Pack of 2 [Product name associated with ASIN]","Not Applicable","saved","1","Yes","No","No","No","No"
"2024-11-04T14:04:40.994Z","Retail","B006Z8B5HS","It's a 10 Haircare Miracle Shampoo Plus Keratin, 10 Fl Oz [Product name associated with ASIN]","Not Applicable","saved","2","Yes","No","No","No","No"
"2024-11-04T14:04:13.985Z","Retail","B00091S3K4","Pure Life Purified Water Bottles, 24 Pack - Still Bottled Water with Added Minerals for a Crisp Taste, Plastic Bottles - 8 Fl Oz [Product name associated with ASIN]","Not Applicable","saved","2","Yes","No","No","No","No"
"2024-11-04T14:03:31.417Z","Retail","B0885HPBHK","Dr. Scholl's ODOR-X ATHLETE'S FOOT MEDICATED POWDER SPRAY, 4.7 oz // 24-Hour Relief of Itching & Burning, Clinically Proven, Cures & Prevents Most Athlete's Foot, Destroys Odors Instantly [Product name associated with ASIN]","Not Applicable","saved","2","Yes","No","No","No","No"
"2024-11-04T14:03:03.291Z","Retail","B0BJZM2M8Q","OxiClean White Revive Laundry Whitener and Stain Remover Liquid, 50 fl oz [Product name associated with ASIN]","Not Applicable","saved","2","Yes","No","No","No","No"
"2024-11-04T14:02:04.467Z","Retail","B006MQUU24","Roebic K-570-Q 32-Ounce Leach And Drain Field Opener Concentrate - Environmentally Friendly and Biodegradable Solution [Product name associated with ASIN]","Not Applicable","saved","2","Yes","No","No","No","No"
"2024-11-04T14:01:42.325Z","Retail","B01LTCQAA6","ToughBag 42 Gallon Trash Bags, 2.5 Mil Contractor Garbage Bags (50 COUNT) Heavy Duty Black Garbage Can Liners, 38 x 48"" - Construction, Lawn, Industrial, Leaf - Made in USA [Product name associated with ASIN]","Not Applicable","saved","3","Yes","No","No","No","No"
"2024-11-04T14:00:32.364Z","Retail","B07GX45QW1","Crest Complete Advanced Flavoridetoothpaste 5 Pack 8.2 Oz Net Wt 41 Oz,, () [Product name associated with ASIN]","Not Applicable","saved","1","No","No","No","No","No"
"2024-11-04T13:59:08.954Z","Retail","B01M0RJ1UG","Sprayway Glass Cleaner with Foaming Spray for a Streak-Free Shine for Home and Automotive Use, 19 oz., Pack of 6 [Product name associated with ASIN]","Not Applicable","saved","3","Yes","No","No","No","No"
"2024-11-04T13:59:07.194Z","Retail","B0CT5ZKV6S","Lysol Power Clean Multi-Surface Cleaner, 2x Concentrated Pour, Mango & Hibiscus, 28 Fl Oz [Product name associated with ASIN]","Not Applicable","saved","2","Yes","No","No","No","No"
"2024-11-04T13:58:21.071Z","Retail","B000WR8VKM","Natracare Natural Traditional Style Maxi Pads, Regular, Individually Wrapped, Without Wings in Plant-Based Bag (1 Pack, 14 Pads Total) [Product name associated with ASIN]","Not Applicable","saved","1","No","No","No","No","No"
"2024-11-04T13:57:41.007Z","Retail","B087NNZL7Y","U by Kotex Click Compact Tampons, Regular Absorbency, Unscented, 192 Count (6 Packs of 32) (Packaging May Vary) [Product name associated with ASIN]","Not Applicable","saved","1","Yes","No","No","No","No"
"2024-11-04T13:47:43.128Z","Retail","B07N7TVWT7","Chakir Turkish Linens Luxury Spa and Hotel Quality Premium Turkish Cotton 6-Piece Towel Set (2 x Bath Towels, 2 x Hand Towels, 2 x Washcloths) [Product name associated with ASIN]","Not Applicable","saved","1","No","No","No","No","No"
"2024-10-28T21:43:49.377Z","Retail","B08MV1DBTD","MIULEE Pack of 2 12x20 Outdoor Pillow Inserts, Outdoor Throw Pillows Water-Resistant Decorative Premium Lumbar Pillow Stuffer Sham for Porch Swing Couch Sofa Cushion Patio Furniture [Product name associated with ASIN]","Not Applicable","saved","1","Yes","No","No","No","No"
"2024-10-28T21:40:03.620Z","Retail","B0CT39RNGB","Magpie Fabrics Pack of 2 Outdoor Lumbar Pillow Case Covers 12""x20"", Waterproof Rectangular Throw Pillowcase Shell Decorative Sham for Patio Garden Couch - Embry Red Hibiscus [Product name associated with ASIN]","Not Applicable","saved","1","No","No","No","No","No"
"2024-10-24T14:13:22.924Z","Retail","B0C61KQWMY","Smart FENDEE 2 Packs Fully Assembled White Luggage Racks with Shoe Shelf, Folding Suitcase Stand with 5 Straps, Wooden Luggage Stand Ideal for Guest Room, Bedroom, Hotel [Product name associated with ASIN]","Not Applicable","saved","1","Yes","No","No","No","No"
"2024-10-24T06:22:22.843Z","Retail","B0D9L9YQGR","Skyygemm Welcome Guest Book Wood Cover Visitor Log Book Rustic Wedding Memory Scrapbook with Pen 8 x 6 Inches Neutral Pine Photo Album with 120 Pages for Vacation Home Wedding Office Reception [Product name associated with ASIN]","Not Applicable","saved","1","Yes","No","No","No","No"
"2024-10-21T00:46:23.980Z","Retail","B002BWOS08","Rust-Oleum 334048 Painter's Touch 2X Ultra Cover Spray Paint, 12 oz, Gloss White [Product name associated with ASIN]","Not Applicable","saved","1","Yes","No","No","No","No"
"2024-10-21T00:42:48.968Z","Retail","B00940DV6W","OXO Good Grips Microfiber Hand Duster [Product name associated with ASIN]","Not Applicable","saved","2","No","No","No","No","No"
"2024-10-13T07:45:17.999Z","Retail","B084KJHPC6","Heavy Duty Metal Anti Tip Straps - Adjustable Safety Furniture Wall Anchors for Baby Proofing Flat Screen TVs, Dressers, Bookcases, Cabinets - No Plastic Parts - Pack of 2 [Product name associated with ASIN]","Not Applicable","saved","1","Yes","No","No","No","No"
"2024-10-13T07:31:00.415Z","Retail","B0C1J14MZT","TCL 43-Inch Class S4 4K LED Smart TV with Roku TV (43S450R, 2023 Model), Dolby Vision, HDR, Dolby Atmos, Works with Alexa, Google Assistant and Apple HomeKit Compatibility, Streaming UHD Television [Product name associated with ASIN]","Not Applicable","saved","1","No","No","No","No","No"
"2024-09-18T21:03:37.295Z","Retail","B000EG73XW","Glad Cling ‘N Seal Plastic Food Wrap, 200 Square Foot Roll, Pack of 12, (Package May Vary) [Product name associated with ASIN]","Not Applicable","saved","1","No","No","No","No","No"
"2024-09-18T20:42:55.598Z","Retail","B0085CJ1LY","Finish Gelpacs Dishwasher Detergent, Orange Scent, 84 Count [Product name associated with ASIN]","Not Applicable","saved","1","Yes","No","No","No","No"
"2024-09-10T15:50:56.216Z","Retail","B07W6X769C","PrepSealer Food Storage Vacuum Container 4-piece Container with Maunal Pump, BPA free, Tritan, Keep food and ingredients fresh up to four times longer than conventioal storeage. [Product name associated with ASIN]","Not Applicable","saved","1","Yes","No","No","No","No"
"2024-09-09T20:41:16.871Z","Retail","B0BSHBTV4V","Dreo 16 Inch 25dB Quiet Smart Fans for Bedroom, DC Room Fan with Remote, 120°+120° Oscillating Fan, 6 Modes, 9 Speeds, 12H Timer,Works Alexa/Google/WiFi/Voice Control, Silver, Oversize (DR-HAF004S) [Product name associated with ASIN]","Not Applicable","saved","1","Yes","No","No","No","No"
"2024-09-08T19:16:22.482Z","Retail","B0BSH7YKHT","Dreo Smart Fan for Bedroom, 120°+105° Omni-directional Oscillating Standing Fans with Remote, 100ft Quiet Floor Fan for Room, Wi-Fi/Voice/Alexa, 6 Modes, 8 Speeds, 37-43'' Height, 12H Timer, DC Motor [Product name associated with ASIN]","Not Applicable","saved","1","Yes","No","No","No","No"
"2024-08-26T01:58:21.413Z","Retail","B08M2LCMQF","Scott Rapid-Dissolving Toilet Paper, 48 Double Rolls (6 Packs of 8), Sustainable, Septic-Safe, Toilet Paper [Product name associated with ASIN]","Not Applicable","saved","1","No","No","No","No","No"
"2024-08-25T00:20:19.621Z","Retail","B004LGTS0M","Lasko Cyclone Pedestal Fan, Adjustable Height, Remote Control, Timer, 3 Speeds, for Bedroom, Kitchen, Office and Living Room, 18"", White, 1885, Large [Product name associated with ASIN]","Not Applicable","saved","1","No","No","No","No","No"
"2024-07-18T14:41:36.257Z","Retail","B0CS95PYVQ","[12 pcs]16 oz Mason Jars,Glass Jars with Lids, Airtight Canning Jars, Wide Mouth Mason Jars. Airtight Container For Jams, Honey, Spices,Pickles, Home Decor,Overnight Oats,Fruit Preserves [Product name associated with ASIN]","Not Applicable","saved","2","Yes","No","No","No","No"
"2024-07-16T14:12:24.912Z","Retail","B07GQCQWSF","Eco Botanics Travel-Size Hotel Conditioner, 0.85 oz. (Case of 100) [Product name associated with ASIN]","Not Applicable","saved","1","No","No","No","No","No"
"2024-05-19T00:45:05.818Z","Retail","B00CONM18K","Telemecanique Sensors 9013FSG52J33 Air-Pump Pressure Switch, NEMA 1, 50-70 psi Pressure Setting, 25-80 psi Cut-Out, 20-30 psi Adjustable Differential [Product name associated with ASIN]","Not Applicable","saved","1","Yes","No","No","No","No"
"2024-05-17T18:44:45.013Z","Retail","B0CR3YJ2B6","Waterless Diffuser for Essential Oils - Aromatherapy Nebulizing Air Machine, No Water Required, Super Quiet, Cordless, Portable, Battery Operated (Includes 2 Nebulizer caps and Machine) [Product name associated with ASIN]","Not Applicable","saved","1","No","No","No","No","No"
"2024-05-13T01:01:49.183Z","Retail","B07C8CKJ1Z","N&Y HOME Fabric Shower Curtain or Liner 36 x 72 Inches Bath Stall Size with 2 Bottom Magnets, Hotel Quality, Washable, Water Repellent, White Spa Bathroom Curtains with Grommets, 36x72 [Product name associated with ASIN]","Not Applicable","saved","2","Yes","No","No","No","No"
"2024-05-01T18:58:36.801Z","Retail","B00QGMOJ4Y","Kirkland Signature Purified Drinking Water, 16.9 Ounce, 40 Count [Product name associated with ASIN]","Not Applicable","saved","1","No","No","No","No","No"
"2024-04-29T23:31:35.113Z","Retail","B078GSY73M","Hessaire CVR6037 [Product name associated with ASIN]","Not Applicable","saved","1","Yes","No","No","No","No"
"2024-04-10T14:41:07.226Z","Retail","B0CB8NL7MF","Whaleme 50-Pack Blackstone Griddle Accessories 5017 Grease Cup Liners, Aluminum Foil Drip Pan Grease Catcher Cup Liner for Blackstone 17, 22, 28, 36 Inch Griddle, Disposable Grill Grease Tray [Product name associated with ASIN]","Not Applicable","saved","1","Yes","No","No","No","No"
"2024-03-29T19:27:02.174Z","Retail","B07CK4MFF6","Chakir Turkish Linens Luxury Spa and Hotel Quality Premium Turkish Cotton 6-Piece Towel Set (2 x Bath Towels, 2 x Hand Towels, 2 x Washcloths) [Product name associated with ASIN]","Not Applicable","saved","3","No","No","No","No","No"
"2024-03-12T03:08:03.300Z","Retail","B079KJ4D4X","Guide Gear Club Camping Chair, Oversized, Portable, Folding with Padded Seats, 500-lb. Capacity Tan/Brown [Product name associated with ASIN]","Not Applicable","saved","2","No","No","No","No","No"
"2024-02-23T18:20:11.717Z","Retail","B0B83BYJW2","Ring Spotlight Cam Plus, Solar | Two-Way Talk, Color Night Vision, and Security Siren (2022 release) - Black [Product name associated with ASIN]","Not Applicable","saved","1","No","No","No","No","No"
"2024-02-23T18:15:56.278Z","Retail","B09CBQ46LL","Ring Wall Mount for Cameras and Solar Panels, Black [Product name associated with ASIN]","Not Applicable","saved","1","Yes","No","No","No","No"
"2024-02-22T16:29:24.520Z","Retail","B0BJZM2M8Q","OxiClean White Revive Laundry Whitener and Stain Remover Liquid, 50 fl oz [Product name associated with ASIN]","Not Applicable","saved","1","Yes","No","No","No","No"
"2024-02-22T16:26:43.594Z","Retail","B007W14RM2","Coffee-mate Sugar Free Creamy Chocolate Powdered Coffee Creamer, 10.2 Ounce [Product name associated with ASIN]","Not Applicable","saved","4","Yes","No","No","No","No"
"2024-02-22T16:26:14.613Z","Retail","B000RWBO7Y","Lotrimin Athlete's Foot Deodorant Antifungal Powder Spray, Miconazole Nitrate 2%, Clinically Proven Effective Antifungal Treatment of Most AF, Jock Itch & Ringworm, 4.6 Ounce​ ​ [Product name associated with ASIN]","Not Applicable","saved","1","No","No","No","No","No"
"2023-12-04T16:02:59.520Z","Retail","B09V8888V4","Energizer Alkaline Power AA and AAA Batteries, 64 Count, Variety Pack, 32 AA and 32 AAA Batteries [Product name associated with ASIN]","Not Applicable","saved","1","No","No","No","No","No"
"2023-11-27T16:12:58.216Z","Retail","B0BDD8J6XC","Valentines Day Gifts for Him Men, Super Universal Socket Tools, Cool Stuff Gadgets for Men Birthday Fathers Day, Cool Gadgets Socket Set with Power Drill Adapter(7-19 mm) [Product name associated with ASIN]","Not Applicable","saved","1","Yes","No","No","No","No"
"2023-11-21T17:24:49.264Z","Retail","B0BWXD6Z26","MIULEE Fall Mustard Yellow Throw Pillow Covers 16x16 Set of 2 Spring Decorative Farmhouse Couch Throw Pillows Boho Shells Cute Soft Plush Wool Winter Pillowcases for Bedroom Living Room Sofa [Product name associated with ASIN]","Not Applicable","saved","1","Yes","No","No","No","No"
"2023-11-21T17:19:01.205Z","Retail","B09CGYLRTQ","Magpie Fabrics Pack of 2 Outdoor Waterproof Throw Pillow Covers 18 x 18 Inch, Christmas Decorative Cushion Sham Pillowcase Shell for Garden Patio Tent Balcony Couch Sofa(Floral Green) [Product name associated with ASIN]","Not Applicable","saved","1","Yes","No","No","No","No"
"2023-11-13T04:34:17.869Z","Retail","B00MVELT8K","Glade Automatic Spray Refill, Air Freshener for Home and Bathroom, Hawaiian Breeze, 6.2 Oz, 2 Count [Product name associated with ASIN]","Not Applicable","saved","1","Yes","No","No","No","No"
"2023-11-07T06:00:18.837Z","Retail","B00NGV4506","Ninja Professional Blender 1000W, Total Crushing Technology- Smoothies, Ice Crushing & Frozen Fruit, Full-Size Countertop Blender, 72-oz. Pitcher, Black & Grey, BL610 [Product name associated with ASIN]","Not Applicable","saved","2","Yes","No","No","No","No"
"2023-10-26T16:09:18.589Z","Retail","B002DNH0AU","Goetze's Candy Vanilla Caramel Creams - 5 Pound Bag (80 Ounces) - Fresh from the Factory [Product name associated with ASIN]","Not Applicable","saved","1","Yes","No","No","No","No"
"2023-10-26T05:38:54.696Z","Retail","B0BLY15GKM","Chakir Turkish Linens |Hotel & Spa Quality 100% Cotton Premium Turkish Towels | Soft & Absorbent (12-Piece Washcloths, Aqua) [Product name associated with ASIN]","Not Applicable","saved","2","No","No","No","No","No"
"2023-10-25T04:16:21.211Z","Retail","B09MD5FD9M","N//B Sponge Individually Wrapped, Mini Sponges Wrapped Small (40Pcs) [Product name associated with ASIN]","Not Applicable","saved","1","Yes","No","No","No","No"
"2023-09-29T15:17:12.668Z","Retail","B0BKJS7ZK2","Classic Framed AC Unit On Please Keep Door Closed Sign (Blue) - Small [Product name associated with ASIN]","Not Applicable","saved","4","Yes","No","No","No","No"
"2023-09-29T15:06:42.881Z","Retail","B0BD488T15","Sifely Wristband Key Fob (Yellow) [Product name associated with ASIN]","Not Applicable","saved","1","No","No","No","No","No"
"2023-09-29T15:06:34.427Z","Retail","B0BD4GL27D","Sifely Wristband Key Fob (Red) [Product name associated with ASIN]","Not Applicable","saved","1","No","No","No","No","No"
"2023-09-29T15:06:25.960Z","Retail","B0BD4CB8P2","Sifely Wristband Key Fob (Green) [Product name associated with ASIN]","Not Applicable","saved","1","No","No","No","No","No"
"2023-09-26T13:40:31.216Z","Retail","B0BMF3XL4T","No Individual Packaging Sponges [Product name associated with ASIN]","Not Applicable","saved","1","No","No","No","No","No"
"2023-09-26T04:12:28.129Z","Retail","B0BXXC6PWF","24PCS Mini Ocean Animal Figurines - Realistic Sea Creatures Toy Figures with Sharks, Whales & Walrus - Under The Sea Life Figure for Party Decoration, Easter Egg Filler & School Project [Product name associated with ASIN]","Not Applicable","saved","2","Yes","No","No","No","No"
"2023-09-26T04:11:40.863Z","Retail","B0B31F5SS4","RCOMG 8pcs Sea Animal Figures, Realistic Ocean Animal Figurines Plastic Sea Creature Toys for Kids Cake Topper Decoration [Product name associated with ASIN]","Not Applicable","saved","1","Yes","No","No","No","No"
"2023-09-25T17:04:52.043Z","Retail","B06XWYTQXL","SONORO KATE Bed Sheet Set Super Soft Microfiber 1800 Thread Count Luxury Egyptian Sheets 16-Inch Deep Pocket Wrinkle and Hypoallergenic-4 Piece(Queen White) [Product name associated with ASIN]","Not Applicable","saved","1","Yes","No","No","No","No"
"2023-09-20T15:05:37.879Z","Retail","B0911ZCYYV","BBANGD Duvet Covers Queen Size - Ultra Soft and Breathable Bedding Comforter Cover Set Washed Microfiber 3 Pieces with Zipper Closure Duvet Cover and 2 Pillow Shams(Light Cyan) [Product name associated with ASIN]","Not Applicable","saved","2","No","No","No","No","No"
"2023-09-19T22:46:12.775Z","Retail","B07N7TVWT7","Chakir Turkish Linens Luxury Spa and Hotel Quality Premium Turkish Cotton 6-Piece Towel Set (2 x Bath Towels, 2 x Hand Towels, 2 x Washcloths) [Product name associated with ASIN]","Not Applicable","saved","1","No","No","No","No","No"
"2023-09-03T19:14:07.887Z","Retail","B07N65HLKJ","Fig & Leaf (30 Pack) Drip Pans Compatible with Blackstone Grills for 36 Inch l 30 Inch l 28 Inch l 22 Inch l 17 Inch Griddle l Rear Grease Cup Liners l Heavy-Duty Disposable Aluminum Foil [Product name associated with ASIN]","Not Applicable","saved","1","Yes","No","No","No","No"
"2023-08-28T16:57:38.304Z","Retail","B0C9H59Q8S","Polar Aurora Fishing Cart Beach Cart Collapsible Wagon w/11'' All-Terrain Wheels for Sand, Heavy Duty Garden Cart with Rod Holders,Umbrella Holder and Storage Pockets, 550lb Large Capacity [Product name associated with ASIN]","Not Applicable","saved","1","Yes","No","No","No","No"
"2023-08-04T21:35:51.713Z","Retail","B00TXI1NEW","Mattel Games ​UNO Splash Card Game for Outdoor Camping, Travel & Family Nights with Water-Resistent Plastic Cards [Product name associated with ASIN]","Not Applicable","saved","1","Yes","No","No","No","No"
"2023-08-04T21:33:59.533Z","Retail","B00BSYR7K8","Earth Rated Poop Bags for Dogs, Guaranteed Leak Proof and Extra Thick Waste Bag Refill Rolls, Lavender Scented, 270 Count [Product name associated with ASIN]","Not Applicable","saved","1","No","No","No","No","No"
"2023-08-04T21:33:59.533Z","Retail","B09ZDP6YGL","Dog Poop Bag Dispenser Wall Mounted Waterproof Outdoor Pet Waste Bags Dispenser Station Stake, Pole, Fence Mounted fits Home, Porch, Back Yard (white,only dispenser) [Product name associated with ASIN]","Not Applicable","saved","1","Yes","No","No","No","No"
"2023-07-30T23:06:51.441Z","Retail","B06Y6G9TWR","Set of 2 Standard Size SureGuard Pillow Protectors - 100% Waterproof, Bed Bug Proof, Hypoallergenic - Premium Zippered Cotton Covers - Smooth [Product name associated with ASIN]","Not Applicable","saved","1","Yes","No","No","No","No"
"2023-07-30T23:06:40.109Z","Retail","B07RHTQP68","Lysol All Purpose Cleaner Spray, Multi-Purpose Disinfecting Spray, Kitchen & Bathroom Cleaner, Mango & Hibiscus Scent, 32 Fl Oz [Product name associated with ASIN]","Not Applicable","saved","3","Yes","No","No","No","No"
"2023-07-30T23:03:48.444Z","Retail","B07YKLXB3Y","Bedsure Comforter Duvet Insert - Quilted Comforters King Size, All Season Duvet, GentleSoft Down Alternative Bedding, with 8 Tabs, Gifts for Women/Men, White, King 90 x 102 Inches [Product name associated with ASIN]","Not Applicable","saved","1","Yes","No","No","No","No"
"2023-07-24T18:29:13.550Z","Retail","B09PV3JQ8Z","samdew Astronomical Telescope Case, 40.8"" Large Telescope Storage Bag for Telescope Tube & Tripod, Soft Padded Telescope Accessories Carry Case & Counterweight Bag Compatible with Celestron Telescope [Product name associated with ASIN]","Not Applicable","saved","1","Yes","No","No","No","No"
"2023-07-24T18:27:07.109Z","Retail","B00006LSVL","Celestron 94119-A 1.25 inch Moon Filter - Suitable for Lunar Observation, Extra Bright Planets or Terrestrial Viewing Over Sand or Snow, Black [Product name associated with ASIN]","Not Applicable","saved","1","Yes","No","No","No","No"
"2023-07-24T18:26:59.353Z","Retail","B00008Y0TM","Celestron 93326 Omni Barlow Lens, Silver, 2 x 1.25 Inch [Product name associated with ASIN]","Not Applicable","saved","1","No","No","No","No","No"
"2023-06-10T02:00:49.295Z","Retail","B08DBYWS5S","Pilot Rock Q-20 B2 Single Commercial Grade 20 Inch Park Style Charcoal Grill [Product name associated with ASIN]","Not Applicable","saved","2","Yes","No","No","No","No"
"2023-05-22T02:42:24.190Z","Retail","B07SPYD4MW","Amazon Basics Sturdy Foldable Plastic Chair, Portable, 350-Pound Capacity, White, 6-Pack [Product name associated with ASIN]","Not Applicable","saved","1","No","No","No","No","No"
"2023-05-15T16:10:02.584Z","Retail","B07T9265QZ","AC Infinity AIRLIFT T16, Shutter Exhaust Fan 16"" with WiFi Temperature Humidity Controller, EC-Motor Wall Mount Ventilation and Cooling for Sheds, Attics, Workshops, and Greenhouses [Product name associated with ASIN]","Not Applicable","saved","1","Yes","No","No","No","No"
"2023-05-01T14:57:09.076Z","Retail","B0007LQ3RQ","Squirrel Buster Plus Squirrel-proof Bird Feeder w/Cardinal Ring and 6 Feeding Ports, 5.1-pound Seed Capacity, Adjustable, Pole-mountable (POLE ADAPTOR SOLD SEPARATELY), Green [Product name associated with ASIN]","Not Applicable","saved","1","No","No","No","No","No"
"2023-04-30T23:42:39.767Z","Retail","B099X5TYZH","FilterTime RV FT-616 RV Air Filter 6”x16” AC Filter Replacement for Coleman Mach (2 filters per pack) MERV 6 Replaces Original Air Filter [Product name associated with ASIN]","Not Applicable","saved","1","Yes","No","No","No","No"
"2023-03-25T15:19:53.482Z","Retail","B01LWT246J","ZINUS Dachelle Upholstered Platform Bed Frame, Mattress Foundation, Wood Slat Support, No Box Spring Needed, Easy Assembly, Dark Grey, Queen [Product name associated with ASIN]","Not Applicable","saved","1","No","No","No","No","No"
"2023-03-25T15:13:13.955Z","Retail","B08H5KNY7B","Panda Mattress Topper (Full) [Product name associated with ASIN]","Not Applicable","saved","1","Yes","No","No","No","No"
"2023-03-25T15:07:58.497Z","Retail","B09NB8LG5P","Novilla Queen Mattress,12 Inch Gel Memory Foam Hybrid Mattress in a Box with Individual Pocket Springs, Motion Isolation & Pressure Relief, Medium Firm Queen Size Bed Mattresses, vigour [Product name associated with ASIN]","Not Applicable","saved","1","No","No","No","No","No"
"2023-03-14T22:26:41.137Z","Retail","B08XW3Q4V8","15 Inch Chess Set, Magnetic Chess Borad Classic Chess Game Set with Pieces Storage for Family Game Night Ideal Chiristams Gift for Families [Product name associated with ASIN]","Not Applicable","saved","1","Yes","No","No","No","No"
"2023-03-14T22:14:23.513Z","Retail","B07CVWVR5Z","Ruibo Magnetic Ironing Mat Blanket,Iron Board Alternative Cover/Quilted Washer Dryer Heat Resistant Pad/Portable Cover/Mat Grey 33""X 18"" [Product name associated with ASIN]","Not Applicable","saved","2","Yes","No","No","No","No"
"2023-03-13T21:47:28.506Z","Retail","B01I35OR8Y","DOZYANT 1lb Propane Adapter for Disposable Throwaway Cylinder, 1 lb to 20 lb Propane Tank Adapter,Connector Appliance Designed for 20 or 30 Pound LP Gas Steel Bottle or BBQ Grill Propane Tree [Product name associated with ASIN]","Not Applicable","saved","2","Yes","No","No","No","No"
"2023-03-13T18:29:04.100Z","Retail","B07F9LCYRT","Flame King Refillable 1LB Empty Propane Cylinder Tank with Refill Kit and CGA600 Connection - Reusable, Safe and Legal Refill Option, DOT Compliant [Product name associated with ASIN]","Not Applicable","saved","1","Yes","No","No","No","No"
"2023-03-04T02:19:42.342Z","Retail","B0BBFKP6DS","Kueehuo Somre's Station, Farmhouse S'mores Bar Holder with Handles - S'mores Accessories Organizer for S'mores Supplies and Kit - Serving Tray for S'mores Maker (Black) [Product name associated with ASIN]","Not Applicable","saved","1","Yes","Yes","No","No","No"
"2023-02-28T17:40:26.004Z","Retail","B0716BRLT1","MRCOOL COMFORT MADE SIMPLE 852895007318 MrCool LineGuard 4.5"" Line Set Cover-12 ft, [IM] Gray/Silver [Product name associated with ASIN]","Not Applicable","saved","1","No","No","No","No","No"
"2023-02-17T04:27:32.599Z","Retail","B00009YJSJ","Conair Wall-Mount Hair Dryer, 1600W Blow Dryer with LED Nightlight, 2 Heat 2 Speed Settings, White [Product name associated with ASIN]","Not Applicable","saved","1","Yes","No","No","No","No"
"2023-02-15T04:45:37.337Z","Retail","B07PC2TNH8","ASURION 2 Year Camera Protection Plan ($150 - $174.99) [Product name associated with ASIN]","Not Applicable","saved","1","Yes","No","No","No","No"
"2023-02-15T03:51:34.907Z","Retail","B092428DGS","Outdoor TV Cover 41-43 Inches, HOMEYA 600D Heavy Duty Waterproof & Weatherproof TV Screen Protector with Double Zipper, Velcro Seal, Fits Most TV Mounts and Stands, for Outside LED LCD Flat Screen TVs [Product name associated with ASIN]","Not Applicable","saved","1","Yes","No","No","No","No"
"2023-01-11T22:16:11.584Z","Retail","B09JKFV21J","ZFProcess Artificial Flowers Hanging Basket with Begonia Silk Flowers for Outdoor/Indoor, Artificial Geranium Flowers in 12'' Basket for Patio Lawn Garden Summer Decoration(Red) [Product name associated with ASIN]","Not Applicable","saved","1","No","No","No","No","No"
"2023-01-11T22:15:54.338Z","Retail","B09JKFJ5X8","ZFProcess Artificial Flowers Hanging Basket with Begonia Silk Flowers for Outdoor/Indoor, Artificial Geranium Flowers in 12'' Basket for Patio Lawn Garden Summer Decoration(Purple) [Product name associated with ASIN]","Not Applicable","saved","1","No","No","No","No","No"
"2023-01-02T18:00:34.835Z","Retail","B07NSS1X4V","Two Rivers Coffee Ice Cream Flavored Coffee Pods, Variety Sampler Pack for Keurig 2.0 K Cup Brewers, 40 Count [Product name associated with ASIN]","Not Applicable","saved","1","Yes","No","No","No","No"
"2022-12-12T17:24:16.104Z","Retail","B08HVPHDDQ","PicassoTiles 150 Piece Race Car Track Building Block Educational Toy Set Magnet Tile Magnetic Blocks Playset 4 Cars Early STEM Learning Construction Kit Hand-Eye Fine Motor Skill Brain Training PTR150 [Product name associated with ASIN]","Not Applicable","saved","1","Yes","No","No","No","No"
"2022-12-09T17:08:03.593Z","Retail","B08YRZ736N","Zink 2""x3"" Premium Instant Photo Paper (20 Pack) Compatible with Polaroid Snap, Snap Touch, Zip and Mint Cameras and Printers [Product name associated with ASIN]","Not Applicable","saved","4","Yes","No","No","No","No"
"2022-11-15T21:10:37.077Z","Retail","B07WCQZG5T","Briza Infrared Electric Patio Heater - Indoor/Outdoor Heater - Portable Wall/Garage Heater - 1500W - use with Stand - Mount to Ceiling/Wall) [Product name associated with ASIN]","Not Applicable","saved","1","Yes","No","No","No","No"
"2022-10-09T23:58:34.478Z","Retail","B085RJCLT5","Kingole Flannel Fleece Luxury Throw Blanket, Light Blue Queen Size Jacquard Weave Pattern Cozy Couch/Bed Super Soft and Warm Plush Microfiber 350GSM (90 x 90 inches) [Product name associated with ASIN]","Not Applicable","saved","1","No","No","No","No","No"
"2022-10-04T14:01:59.071Z","Retail","B007ETDEJE","Lighthouse Dolphin Anchor Starfish Seahorse Shell Cast Iron Nautical Hooks Set [Product name associated with ASIN]","Not Applicable","saved","1","No","No","No","No","No"
